Precipitation,Temperature,Evaporation
4.5602765e-06,4.439472e-06,4.9928676e-06
4.7632016e-06,4.4423628e-06,5.4314132e-06
3.9857805e-06,3.8568005e-06,4.443204e-06
3.816106e-06,3.9445354e-06,4.9115715e-06
3.7687641e-06,3.992716e-06,4.9579626e-06
4.452497e-06,4.580405e-06,5.4379716e-06
4.090229e-06,4.2294932e-06,5.236271e-06
3.898439e-06,4.118781e-06,5.3880262e-06
3.4382804e-06,3.6882152e-06,4.8348306e-06
3.2884732e-06,3.5460248e-06,4.68712e-06
3.2757314e-06,3.607703e-06,4.6910195e-06
3.1379163e-06,3.3698404e-06,3.9375764e-06
3.1152972e-06,3.2927935e-06,3.8815324e-06
3.574468e-06,3.7983973e-06,4.627394e-06
3.907118e-06,3.965969e-06,4.7376634e-06
3.6569406e-06,3.7064085e-06,4.469356e-06
3.6057959e-06,3.7290513e-06,4.752742e-06
4.0205314e-06,4.1872518e-06,5.3199537e-06
3.3439894e-06,3.484287e-06,4.2706247e-06
3.0696324e-06,3.1651798e-06,3.9899073e-06
3.401934e-06,3.6092758e-06,4.729086e-06
6.5993345e-06,6.6054754e-06,8.038018e-06
6.154737e-06,6.054277e-06,6.825177e-06
3.236914e-06,3.297088e-06,4.1595636e-06
2.8753918e-06,3.266822e-06,4.861949e-06
4.8695515e-06,5.103492e-06,6.738412e-06
7.324337e-06,7.1224904e-06,8.332083e-06
3.351517e-06,3.2913972e-06,3.909895e-06
2.7749406e-06,3.0696278e-06,4.3247574e-06
2.282723e-06,2.958869e-06,4.460696e-06
3.9048937e-06,4.1791754e-06,5.199879e-06
5.019537e-06,4.92406e-06,5.9950685e-06
3.835948e-06,3.7857924e-06,4.711095e-06
2.8023726e-06,3.129676e-06,4.346281e-06
2.798537e-06,3.5220178e-06,5.3013455e-06
4.3158793e-06,4.657607e-06,6.3124126e-06
3.5458531e-06,3.6641172e-06,4.806362e-06
2.8968614e-06,3.263675e-06,4.7221247e-06
2.6827652e-06,3.4360353e-06,5.521644e-06
3.1700433e-06,3.6535894e-06,5.3686776e-06
2.9245175e-06,3.2944513e-06,4.7618573e-06
2.5737063e-06,3.1640789e-06,4.997782e-06
2.760749e-06,3.3031363e-06,5.105513e-06
2.8421023e-06,3.2455118e-06,4.5079605e-06
2.8745094e-06,3.3373362e-06,4.823132e-06
2.8238676e-06,3.313279e-06,5.1166053e-06
2.6657028e-06,3.020546e-06,4.225464e-06
2.7643866e-06,3.2224543e-06,4.870038e-06
3.0340725e-06,3.5104429e-06,5.349547e-06
2.7766387e-06,3.180668e-06,4.620021e-06
2.338415e-06,2.90602e-06,4.427167e-06
2.2066752e-06,2.8199925e-06,4.4683366e-06
2.5655038e-06,3.0833173e-06,4.7419903e-06
2.8420548e-06,3.3983029e-06,5.1049096e-06
3.7775949e-06,4.2684937e-06,6.149402e-06
3.3705032e-06,3.8355856e-06,5.493053e-06
1.991289e-06,2.6888579e-06,4.4345943e-06
1.7755322e-06,2.604929e-06,4.620998e-06
2.1846895e-06,2.8757552e-06,4.6257574e-06
2.6536145e-06,3.1819018e-06,4.7550297e-06
2.880802e-06,3.4802222e-06,5.3719045e-06
3.6919223e-06,4.405586e-06,6.7891524e-06
1.5963233e-06,2.3972657e-06,4.26037e-06
1.2552059e-06,2.070215e-06,4.035549e-06
9.929934e-07,2.0638577e-06,4.4595627e-06
2.537462e-06,3.2720222e-06,5.4731913e-06
2.1803128e-06,2.672638e-06,4.209337e-06
1.559064e-06,2.1491996e-06,3.811405e-06
2.7193023e-06,3.3794145e-06,5.5850032e-06
1.4488838e-06,2.1923697e-06,3.737829e-06
1.9057858e-06,2.3742225e-06,3.698396e-06
2.9205905e-06,3.4877717e-06,5.3764024e-06
2.52849e-06,3.1262528e-06,4.842848e-06
2.1731655e-06,2.6458208e-06,3.890405e-06
1.7357073e-06,2.3270943e-06,3.860354e-06
1.7868599e-06,2.4145113e-06,4.108392e-06
3.2227413e-06,3.6827412e-06,5.2944556e-06
3.0660444e-06,3.434427e-06,4.6834184e-06
4.166437e-06,4.5045635e-06,6.324476e-06
1.5833309e-06,2.239818e-06,3.642202e-06
1.6503388e-06,2.3733633e-06,3.8712865e-06
1.974952e-06,2.633707e-06,4.1936787e-06
3.0368003e-06,3.4536693e-06,4.9625082e-06
4.0210894e-06,4.2215574e-06,5.775066e-06
4.251492e-06,4.54459e-06,6.0247794e-06
1.983662e-06,2.4765243e-06,3.945471e-06
3.535291e-06,4.1681096e-06,6.2627028e-06
1.8866491e-06,2.530701e-06,3.9852666e-06
2.5481816e-06,2.8921438e-06,4.1320213e-06
2.2928953e-06,2.7371966e-06,4.2020365e-06
4.103104e-06,4.389821e-06,5.8111914e-06
3.0620176e-06,3.33628e-06,4.580822e-06
2.9364246e-06,3.2981818e-06,4.601507e-06
2.318979e-06,2.7853732e-06,4.212162e-06
2.6700336e-06,3.0792762e-06,4.3426267e-06
3.5658493e-06,3.7119285e-06,4.7170297e-06
3.229963e-06,3.3236697e-06,4.3358295e-06
3.9005595e-06,4.146491e-06,5.726737e-06
2.9898556e-06,3.308805e-06,4.412579e-06
3.1078337e-06,3.3221454e-06,4.3598216e-06
2.9514176e-06,3.3440865e-06,4.877938e-06
3.6436718e-06,3.8995013e-06,5.2587975e-06
4.0108184e-06,4.1297526e-06,5.4197276e-06
3.4812906e-06,3.710747e-06,4.933824e-06
3.1121203e-06,3.4631237e-06,4.984685e-06
3.081944e-06,3.6220622e-06,5.369505e-06
3.3308315e-06,3.6821789e-06,5.0788553e-06
3.3012461e-06,3.491276e-06,4.6965833e-06
4.0974705e-06,4.172026e-06,5.6553777e-06
3.3673218e-06,3.5920348e-06,4.772301e-06
5.2231912e-06,5.297306e-06,6.488079e-06
5.8536843e-06,5.902445e-06,7.2266507e-06
4.847284e-06,5.065309e-06,6.215e-06
2.8747559e-06,3.1983632e-06,4.3300793e-06
2.6937769e-06,3.3044337e-06,4.8689035e-06
3.2180565e-06,3.6851857e-06,5.262506e-06
3.6509002e-06,3.8234484e-06,5.0639937e-06
3.3017052e-06,3.5942235e-06,5.110749e-06
4.339414e-06,4.6277514e-06,6.32179e-06
3.8207263e-06,3.991577e-06,5.4206e-06
5.128605e-06,5.1400575e-06,6.871768e-06
5.1636707e-06,5.357316e-06,6.907407e-06
3.3644785e-06,3.6368135e-06,5.121083e-06
1.573997e-06,1.7513041e-06,2.8472828e-06
6.336703e-06,6.4094384e-06,9.041694e-06
3.968619e-06,4.0490895e-06,4.950917e-06
5.0390045e-06,5.0730346e-06,6.546172e-06
2.2885042e-06,2.4280102e-06,3.5933106e-06
4.5493234e-06,4.651574e-06,6.28208e-06
3.719479e-06,3.5836742e-06,4.4050266e-06
2.553536e-06,2.5590255e-06,3.2420298e-06
2.5834229e-06,2.5829047e-06,3.4209893e-06
3.7730097e-06,3.7205057e-06,5.054677e-06
9.949274e-06,9.494571e-06,1.0891911e-05
6.5349277e-06,6.3018715e-06,6.699052e-06
2.0067496e-06,2.047263e-06,2.2427096e-06
2.8448812e-06,3.1307063e-06,4.2804886e-06
5.7781617e-06,5.881642e-06,7.2550843e-06
8.881158e-06,8.530471e-06,9.03592e-06
3.4312848e-06,3.2830358e-06,3.4888708e-06
2.547514e-06,2.768826e-06,3.7532452e-06
4.6138834e-06,4.907979e-06,7.933106e-06
6.7469664e-06,6.8050635e-06,8.6897835e-06
5.642594e-06,5.7049265e-06,6.881282e-06
6.639823e-07,8.274754e-07,1.1669803e-06
1.2917901e-06,1.8307267e-06,3.3969445e-06
4.342225e-06,4.5626743e-06,6.079553e-06
4.2543425e-06,3.9613615e-06,4.798653e-06
3.2476764e-06,2.9824168e-06,3.6905724e-06
4.6697523e-06,4.9114687e-06,6.598007e-06
6.8671384e-06,6.5886297e-06,8.085459e-06
6.721416e-06,6.694322e-06,8.216703e-06
3.0216238e-06,3.1571915e-06,4.1333974e-06
2.4173025e-06,2.5753393e-06,3.5735634e-06
2.7724511e-06,2.981412e-06,4.178278e-06
2.8620111e-06,2.907503e-06,3.631804e-06
3.4047923e-06,3.2881453e-06,4.7025696e-06
1.5790253e-06,1.6081176e-06,2.0527982e-06
1.7433161e-06,1.860931e-06,2.7457183e-06
3.0206959e-06,2.8296108e-06,3.5825433e-06
4.584907e-06,4.2803804e-06,4.7728777e-06
5.8417436e-06,5.275129e-06,5.9784593e-06
4.2728834e-06,3.9486795e-06,4.4675407e-06
4.2875226e-06,4.289789e-06,5.2972246e-06
4.2322126e-06,4.0609475e-06,5.152205e-06
3.6883043e-06,3.6081897e-06,4.234716e-06
2.9480839e-06,2.8172358e-06,3.4005766e-06
3.7234204e-06,3.823609e-06,4.747858e-06
4.3824416e-06,4.4298204e-06,5.3824347e-06
3.739938e-06,3.698197e-06,4.4644457e-06
5.0563053e-06,4.9777473e-06,6.1333108e-06
5.3062263e-06,5.30874e-06,6.3700086e-06
4.908855e-06,4.996594e-06,5.6610756e-06
3.5544872e-06,3.6218723e-06,4.300195e-06
3.809957e-06,3.733058e-06,5.005705e-06
4.959156e-06,5.0791473e-06,6.457193e-06
5.204757e-06,5.1637426e-06,6.0928687e-06
3.015366e-06,3.0108286e-06,3.5156852e-06
2.140076e-06,2.1976102e-06,3.0104525e-06
2.465391e-06,2.664136e-06,3.7881011e-06
3.3213175e-06,3.3417539e-06,4.098657e-06
3.4269767e-06,3.33809e-06,3.861508e-06
2.0360828e-06,2.0756543e-06,2.6718947e-06
1.580422e-06,1.7417002e-06,2.5522145e-06
1.8615881e-06,1.975578e-06,2.6973792e-06
1.8355895e-06,1.9042043e-06,2.4200333e-06
2.8224445e-06,2.9375187e-06,3.3810259e-06
2.3177486e-06,2.4109363e-06,2.9639386e-06
3.2304608e-06,3.158833e-06,3.738102e-06
4.8731786e-06,4.646804e-06,6.1511555e-06
6.425974e-06,6.0360444e-06,6.9982766e-06
5.3173353e-06,5.1101188e-06,5.874021e-06
3.976826e-06,3.941613e-06,4.878837e-06
5.2029077e-06,5.1101115e-06,6.6121647e-06
4.608428e-06,4.5846277e-06,6.0785783e-06
3.8334656e-06,3.7630205e-06,4.678035e-06
2.5457505e-06,2.5338218e-06,3.3348817e-06
3.0025085e-06,2.8477316e-06,3.5920662e-06
3.686481e-06,3.5348116e-06,4.463018e-06
7.5102143e-06,7.5798102e-06,1.0247168e-05
4.667888e-06,4.5376714e-06,5.648573e-06
1.1774775e-06,1.1797023e-06,1.5725503e-06
1.0302558e-06,1.0861444e-06,1.6972247e-06
1.4685215e-06,1.4390378e-06,1.9629274e-06
2.0947548e-06,1.9699178e-06,2.3590949e-06
2.253304e-06,2.1083974e-06,2.4654944e-06
2.3843393e-06,2.213714e-06,2.8392963e-06
2.2496006e-06,2.1500184e-06,2.8507172e-06
2.3863754e-06,2.1905676e-06,2.7361782e-06
4.1733865e-06,3.977743e-06,4.81077e-06
4.3574337e-06,4.0218683e-06,4.446584e-06
2.5626605e-06,2.3527348e-06,2.768192e-06
3.3042634e-06,3.091652e-06,3.909782e-06
2.7372976e-06,2.4967144e-06,3.2430041e-06
6.4971064e-06,6.329136e-06,8.714413e-06
4.481589e-06,4.199011e-06,4.9843325e-06
4.547152e-06,4.2883503e-06,5.1497977e-06
4.1497246e-06,3.8811204e-06,4.930367e-06
3.7203802e-06,3.5137073e-06,4.3942405e-06
4.8487427e-06,4.6085984e-06,5.9029708e-06
4.87848e-06,4.6165414e-06,5.54282e-06
1.2197537e-05,1.1815105e-05,1.49159e-05
6.1052733e-06,5.989853e-06,7.5218195e-06
2.0661541e-06,1.9649492e-06,2.6049825e-06
3.0033134e-06,2.912317e-06,4.2337524e-06
5.485389e-06,5.1442685e-06,6.5866307e-06
4.812761e-06,4.3576088e-06,4.956815e-06
3.5182588e-06,3.2182008e-06,3.7429309e-06
2.4744986e-06,2.348117e-06,3.1035331e-06
2.659287e-06,2.4920446e-06,3.4745776e-06
3.3147146e-06,3.0987364e-06,3.9594693e-06
4.887105e-06,4.4772014e-06,5.323675e-06
3.1545835e-06,2.8700763e-06,3.414721e-06
2.8013224e-06,2.574315e-06,3.321816e-06
5.7122643e-06,5.4113707e-06,7.30389e-06
4.961634e-06,4.698316e-06,5.8102933e-06
3.6468052e-06,3.4202371e-06,4.046589e-06
3.3177853e-06,3.0422616e-06,3.6574827e-06
4.367155e-06,4.2041042e-06,5.562222e-06
5.6829676e-06,5.49077e-06,6.954422e-06
2.167304e-06,1.9804174e-06,2.4116587e-06
1.9918473e-06,1.824778e-06,2.4468877e-06
1.7645259e-06,1.5141752e-06,1.9139218e-06
1.9427723e-06,1.6553516e-06,2.0512384e-06
2.0128978e-06,1.7168919e-06,2.061225e-06
2.166312e-06,1.8435874e-06,2.1760272e-06
2.9801045e-06,2.6890798e-06,3.8678436e-06
2.4558312e-06,2.1414567e-06,2.6806335e-06
1.7675599e-06,1.4925948e-06,1.867423e-06
2.075133e-06,1.7814979e-06,2.216754e-06
2.702696e-06,2.2837648e-06,2.741938e-06
3.3862093e-06,2.994241e-06,3.5360003e-06
2.9403611e-06,2.538142e-06,3.0189562e-06
2.750842e-06,2.373391e-06,2.8735253e-06
2.4491426e-06,2.112299e-06,2.615809e-06
2.566132e-06,2.200202e-06,2.7026722e-06
2.8252791e-06,2.4578308e-06,2.9429966e-06
2.312517e-06,2.0429127e-06,2.5164281e-06
5.100491e-06,4.6073155e-06,5.505175e-06
3.6448678e-06,3.3315278e-06,4.083361e-06
4.5089496e-06,4.0914047e-06,4.9099085e-06
3.6849208e-06,3.291044e-06,4.010214e-06
4.142718e-06,3.8772478e-06,4.864634e-06
6.4844876e-06,6.3131433e-06,8.504218e-06
8.431043e-06,7.9358215e-06,9.7313e-06
4.453388e-06,4.077888e-06,4.841536e-06
5.2997116e-06,4.9327655e-06,6.369194e-06
4.889031e-06,4.6626856e-06,6.253893e-06
3.877905e-06,3.5744429e-06,4.37144e-06
3.7113841e-06,3.5023954e-06,4.379626e-06
3.967136e-06,3.6724446e-06,4.708894e-06
3.881421e-06,3.665827e-06,4.6126684e-06
4.2103484e-06,4.0196455e-06,5.1062775e-06
3.3998167e-06,3.1601262e-06,3.9105503e-06
3.9558386e-06,3.6752165e-06,4.7323274e-06
5.1608904e-06,4.8336037e-06,5.766159e-06
3.5684745e-06,3.3862875e-06,4.071717e-06
3.278832e-06,3.140453e-06,3.9789566e-06
3.192991e-06,3.1141012e-06,4.0045365e-06
4.3005334e-06,4.1377184e-06,5.3564977e-06
2.5375646e-06,2.3749753e-06,2.9047376e-06
2.3334876e-06,2.2146587e-06,2.893087e-06
2.756808e-06,2.5938118e-06,3.338319e-06
3.5284702e-06,3.3252588e-06,3.9885267e-06
2.795226e-06,2.6008172e-06,3.1260874e-06
2.5784552e-06,2.407055e-06,2.997332e-06
2.632221e-06,2.4997396e-06,3.1762495e-06
3.3269134e-06,3.1047475e-06,3.7328289e-06
2.4797735e-06,2.3112002e-06,2.901767e-06
1.619182e-06,1.4797328e-06,1.8618381e-06
1.9538063e-06,1.7423205e-06,2.221224e-06
2.102981e-06,1.8888346e-06,2.378369e-06
3.5167166e-06,3.4033255e-06,4.1892226e-06
3.2640608e-06,2.969062e-06,3.558115e-06
2.6997648e-06,2.489123e-06,3.0816525e-06
3.0342107e-06,2.842066e-06,3.6237288e-06
3.2369699e-06,2.9964872e-06,3.8078138e-06
3.5095145e-06,3.2124633e-06,3.9068755e-06
2.848731e-06,2.6218172e-06,3.2273194e-06
4.5918123e-06,4.3200116e-06,5.2636788e-06
7.853756e-06,7.4225172e-06,8.876423e-06
4.0874556e-06,3.822287e-06,4.4777444e-06
7.885704e-06,7.456274e-06,8.825101e-06
7.3128044e-06,6.966312e-06,8.33215e-06
3.5523153e-06,3.3203505e-06,3.9640086e-06
2.9548673e-06,2.8855202e-06,3.8970925e-06
3.892009e-06,3.6170318e-06,4.6317095e-06
3.820438e-06,3.7464422e-06,4.749697e-06
7.146647e-06,6.8013833e-06,8.258855e-06
8.72469e-06,8.289899e-06,9.436686e-06
5.1135053e-06,4.919125e-06,5.9908048e-06
2.322538e-06,2.2716663e-06,3.0088263e-06
2.3998887e-06,2.2601514e-06,3.0420365e-06
3.713953e-06,3.5561557e-06,4.363843e-06
4.295363e-06,4.0632567e-06,4.694585e-06
3.777066e-06,3.605619e-06,4.269476e-06
3.460842e-06,3.4392483e-06,4.4270496e-06
2.9585376e-06,2.932138e-06,3.872877e-06
2.8285847e-06,2.7669503e-06,3.4611307e-06
2.733454e-06,2.6231637e-06,3.2390137e-06
2.3231908e-06,2.1988849e-06,2.7264055e-06
2.0900002e-06,1.9727513e-06,2.518244e-06
2.553897e-06,2.4661192e-06,3.1920135e-06
2.850676e-06,2.7670803e-06,3.576389e-06
3.3529996e-06,3.2555326e-06,3.86014e-06
3.4842517e-06,3.35222e-06,4.1408152e-06
3.6476508e-06,3.5201585e-06,4.0563327e-06
4.467406e-06,4.3329674e-06,5.185398e-06
4.168951e-06,3.900626e-06,4.561351e-06
4.567378e-06,4.359407e-06,5.39937e-06
5.195783e-06,4.874391e-06,6.5478916e-06
5.9682397e-06,5.4442644e-06,6.8486634e-06
5.9886406e-06,5.5239607e-06,6.90272e-06
4.997797e-06,4.865912e-06,5.7732664e-06
5.353162e-06,5.1833576e-06,7.3727583e-06
4.966328e-06,4.952036e-06,6.4273277e-06
5.1340007e-06,4.972819e-06,6.1005317e-06
4.9936034e-06,4.942828e-06,5.9904273e-06
4.8136326e-06,4.6865857e-06,5.496038e-06
3.9534402e-06,3.966458e-06,5.5824275e-06
3.9226434e-06,4.1489125e-06,5.188222e-06
4.1000353e-06,4.3385053e-06,5.4493867e-06
5.2117502e-06,5.2606906e-06,6.847931e-06
4.030319e-06,4.137941e-06,5.6134954e-06
2.9781636e-06,3.1212307e-06,4.2294005e-06
3.6079787e-06,3.8823005e-06,5.6580216e-06
3.564181e-06,3.4194095e-06,4.2973857e-06
3.0440606e-06,2.9001337e-06,3.6905592e-06
2.7839667e-06,2.6968953e-06,3.6306621e-06
2.5818783e-06,2.5483437e-06,3.4005593e-06
3.6268916e-06,3.5428523e-06,4.4302346e-06
6.7943283e-06,6.4058636e-06,7.484181e-06
4.0177442e-06,3.6653382e-06,4.028676e-06
3.769419e-06,3.59239e-06,4.604814e-06
3.6440676e-06,3.6638387e-06,4.7458752e-06
6.1400656e-06,5.585026e-06,6.4894293e-06
5.847134e-06,5.352363e-06,5.566909e-06
5.4195043e-06,5.0835506e-06,6.115761e-06
4.509848e-06,4.6924724e-06,6.3718353e-06
4.7632902e-06,5.090735e-06,6.642378e-06
4.6195905e-06,4.631142e-06,5.4311267e-06
4.579459e-06,4.658354e-06,6.3590246e-06
4.4201884e-06,4.637008e-06,5.9340214e-06
5.358628e-06,5.3407985e-06,6.411535e-06
3.5630953e-06,3.6447532e-06,4.4823655e-06
3.1931115e-06,3.3288882e-06,4.3268947e-06
3.0155502e-06,3.0613705e-06,4.2962756e-06
3.4939064e-06,3.49822e-06,4.458597e-06
3.6119382e-06,3.4948935e-06,4.329482e-06
2.9599255e-06,2.8514642e-06,3.6009083e-06
4.1290295e-06,4.021821e-06,4.6421474e-06
6.184481e-06,6.0288407e-06,7.1205445e-06
4.936184e-06,4.6382224e-06,5.005227e-06
3.993162e-06,3.8011021e-06,4.37791e-06
4.2711254e-06,4.4634517e-06,5.723444e-06
4.5503753e-06,4.7804033e-06,5.86375e-06
4.687354e-06,4.49782e-06,5.2270516e-06
4.077813e-06,4.1546236e-06,5.204221e-06
3.9540464e-06,4.5252773e-06,6.5699583e-06
4.151041e-06,4.4787475e-06,5.673727e-06
4.5875067e-06,4.8671814e-06,6.150504e-06
3.7406892e-06,4.1178155e-06,5.5456503e-06
3.381999e-06,3.7193156e-06,4.7288936e-06
3.4530665e-06,3.86783e-06,5.1444154e-06
4.3299997e-06,4.6217915e-06,5.7098323e-06
3.9844913e-06,4.0291916e-06,4.996519e-06
3.2829516e-06,3.5754988e-06,4.845947e-06
3.1145646e-06,3.4597251e-06,4.740002e-06
3.9984097e-06,4.388237e-06,5.777421e-06
4.0701652e-06,4.3897066e-06,5.6717436e-06
3.4551115e-06,3.7401965e-06,4.928319e-06
2.1932808e-06,2.6187186e-06,3.9487263e-06
2.9413054e-06,3.454729e-06,4.9555615e-06
3.6717713e-06,4.1140856e-06,5.4015973e-06
3.7800644e-06,3.990761e-06,5.0056506e-06
2.8111615e-06,3.0915696e-06,4.1007056e-06
2.695349e-06,3.1927107e-06,4.721579e-06
3.0006038e-06,3.4902362e-06,4.8633046e-06
3.7746063e-06,3.983249e-06,5.0035937e-06
2.763393e-06,2.9640773e-06,3.9407328e-06
2.3952693e-06,2.6663133e-06,3.8695384e-06
3.4837456e-06,3.8170256e-06,5.4811453e-06
5.9002964e-06,5.9305617e-06,7.575088e-06
4.2118136e-06,4.207736e-06,4.851326e-06
3.1383177e-06,3.3484553e-06,4.1477865e-06
3.1300708e-06,3.5550024e-06,4.779969e-06
3.3838915e-06,3.7069265e-06,4.9335954e-06
4.024748e-06,4.049054e-06,4.943961e-06
3.5182734e-06,3.6942693e-06,4.8490842e-06
3.0159908e-06,3.4145753e-06,4.691268e-06
2.925465e-06,3.4178968e-06,4.6235123e-06
3.257063e-06,3.675495e-06,4.9785103e-06
3.2643736e-06,3.5533758e-06,4.847867e-06
3.2574367e-06,3.6037418e-06,4.9623377e-06
3.1763066e-06,3.5571334e-06,4.9062246e-06
3.2740463e-06,3.6033202e-06,4.797803e-06
3.1634104e-06,3.5865473e-06,4.89805e-06
3.3522388e-06,3.8395365e-06,5.2684795e-06
3.5080309e-06,3.8138855e-06,5.092453e-06
3.4523644e-06,3.7677178e-06,5.146506e-06
3.252418e-06,3.6051183e-06,5.232077e-06
2.9629045e-06,3.4298507e-06,4.9045366e-06
3.100738e-06,3.5589787e-06,5.038228e-06
3.113081e-06,3.6753881e-06,5.2498594e-06
2.51144e-06,3.092327e-06,4.7861586e-06
2.01677e-06,2.725363e-06,4.639097e-06
1.8449106e-06,2.757943e-06,5.0044e-06
2.0591312e-06,2.8261377e-06,4.9183486e-06
2.0017414e-06,2.748448e-06,4.847138e-06
1.57391e-06,2.371582e-06,4.4821695e-06
1.5392181e-06,2.3515283e-06,4.345796e-06
1.7277587e-06,2.4743638e-06,4.325655e-06
4.2263223e-06,4.802332e-06,6.5793693e-06
1.3364936e-06,1.9441052e-06,3.152711e-06
1.1778029e-06,1.8323368e-06,3.2822215e-06
1.1545146e-06,1.9420936e-06,3.5519854e-06
2.1749759e-06,2.7148835e-06,3.9729284e-06
2.6713737e-06,3.0040396e-06,4.1259605e-06
2.2454649e-06,2.6069501e-06,3.706072e-06
3.12433e-06,3.6634433e-06,5.250414e-06
2.1013489e-06,2.7993005e-06,4.442502e-06
2.3877767e-06,2.9374612e-06,4.366023e-06
1.6929673e-06,2.2322981e-06,3.7156976e-06
1.8827513e-06,2.3832026e-06,3.7495308e-06
3.023791e-06,3.4391537e-06,5.016686e-06
3.4874604e-06,3.8105966e-06,5.0331532e-06
3.3592642e-06,3.6758545e-06,4.9309283e-06
2.0400578e-06,2.5596878e-06,3.922254e-06
2.8505988e-06,3.4689115e-06,5.171775e-06
3.241843e-06,3.585421e-06,4.8981065e-06
4.158316e-06,4.289235e-06,5.509241e-06
2.411981e-06,2.717496e-06,3.8502394e-06
3.7159152e-06,4.1391213e-06,5.7938705e-06
2.7947576e-06,3.2880253e-06,4.590775e-06
2.9556693e-06,3.3363406e-06,4.4918133e-06
3.29763e-06,3.7542463e-06,5.3221074e-06
2.9698012e-06,3.5165788e-06,5.026774e-06
3.0741116e-06,3.5544756e-06,5.2267524e-06
2.5593956e-06,3.196051e-06,5.0551953e-06
2.428285e-06,2.9579392e-06,4.6928e-06
2.1054557e-06,2.776857e-06,4.638189e-06
3.5424953e-06,4.183478e-06,6.3846674e-06
2.9756059e-06,3.328229e-06,4.7530107e-06
3.4339894e-06,3.8165817e-06,5.4955635e-06
1.864723e-06,2.5302943e-06,4.313438e-06
1.7273269e-06,2.269022e-06,3.5776586e-06
2.1019434e-06,2.4231297e-06,3.3896072e-06
2.3968346e-06,2.6653984e-06,3.5544676e-06
4.333422e-06,4.390339e-06,5.4060724e-06
3.1464745e-06,3.2491782e-06,4.1676394e-06
3.3207034e-06,3.434113e-06,4.3566138e-06
2.6389357e-06,2.9009777e-06,3.9227616e-06
3.0908232e-06,3.248921e-06,4.1518374e-06
3.2199823e-06,3.25066e-06,4.0275827e-06
3.498802e-06,3.49226e-06,4.342647e-06
4.9179584e-06,4.9205873e-06,6.200611e-06
6.2112085e-06,6.224047e-06,7.7546865e-06
5.975156e-06,6.017183e-06,7.5135904e-06
6.437629e-06,6.53364e-06,8.544271e-06
6.460865e-06,6.8245427e-06,9.275081e-06
1.8615556e-06,2.215894e-06,2.9340044e-06
3.1334348e-06,3.6045014e-06,5.1360935e-06
3.5313242e-06,3.818729e-06,5.196819e-06
3.9695274e-06,4.060398e-06,4.829763e-06
3.3710944e-06,3.4571262e-06,4.1291805e-06
2.8595389e-06,2.9883997e-06,3.8044739e-06
2.9720384e-06,3.107074e-06,4.030279e-06
4.324603e-06,4.3630753e-06,5.2510013e-06
4.0794466e-06,3.9040087e-06,4.5966963e-06
3.1901545e-06,3.1626164e-06,3.8426647e-06
3.7643126e-06,3.86979e-06,4.954539e-06
4.0641726e-06,4.0354466e-06,5.551604e-06
3.7185102e-06,3.704746e-06,4.9076216e-06
4.0115674e-06,4.0268014e-06,5.231163e-06
7.7954255e-06,7.875152e-06,1.0420633e-05
4.431594e-06,4.5385536e-06,5.6477134e-06
2.9008843e-06,3.0649157e-06,3.8133487e-06
2.119124e-06,2.270305e-06,3.0664378e-06
2.3360162e-06,2.3803107e-06,3.396874e-06
3.1704742e-06,3.0691256e-06,3.799035e-06
3.0626768e-06,2.908723e-06,3.2743199e-06
3.119545e-06,2.94446e-06,3.771381e-06
2.9242283e-06,2.9855605e-06,3.6455717e-06
3.9003767e-06,3.7959435e-06,4.7773055e-06
4.262739e-06,4.1555427e-06,4.784532e-06
5.4678303e-06,5.157599e-06,6.1512756e-06
3.834602e-06,3.7027858e-06,4.148995e-06
2.6447883e-06,2.7186595e-06,3.3965632e-06
3.0570657e-06,3.2261146e-06,4.2163365e-06
3.5570145e-06,3.4431657e-06,4.6082096e-06
4.1861563e-06,4.241424e-06,5.2294768e-06
4.5657225e-06,4.345501e-06,5.460878e-06
3.1632196e-06,3.19998e-06,3.847591e-06
3.0166389e-06,3.0997871e-06,3.8512067e-06
3.7201141e-06,3.854983e-06,4.380965e-06
5.802426e-06,5.494655e-06,6.048865e-06
7.1273143e-06,6.7180677e-06,7.982412e-06
5.062534e-06,5.09058e-06,6.2219224e-06
5.590876e-06,5.758074e-06,7.526453e-06
2.7360818e-06,2.8538468e-06,3.7671896e-06
2.3895666e-06,2.567031e-06,3.5135204e-06
2.8323088e-06,2.973959e-06,4.1520916e-06
3.6648803e-06,3.533929e-06,4.614436e-06
3.234929e-06,3.2553398e-06,4.0479426e-06
6.6343478e-06,6.5739246e-06,8.060283e-06
3.371945e-06,3.4255445e-06,4.5282745e-06
2.0411971e-06,2.0436978e-06,2.6403548e-06
2.2898578e-06,2.404799e-06,3.2860305e-06
2.541886e-06,2.568495e-06,3.2423698e-06
2.7753163e-06,2.7358176e-06,3.2313524e-06
1.971319e-06,2.0393313e-06,2.6632267e-06
2.2591378e-06,2.3065807e-06,3.1069296e-06
2.2813424e-06,2.3452637e-06,3.168626e-06
2.022441e-06,2.0684593e-06,2.667086e-06
2.0774698e-06,2.0955033e-06,2.6801547e-06
1.86047e-06,1.8725598e-06,2.3777188e-06
1.9412948e-06,1.9495935e-06,2.4957003e-06
3.2003118e-06,3.0906401e-06,3.8627577e-06
3.5337894e-06,3.3517579e-06,4.075334e-06
2.2716645e-06,2.1837009e-06,2.708091e-06
2.2461759e-06,2.1734566e-06,2.8056854e-06
2.8323748e-06,2.7083381e-06,3.4388752e-06
2.90448e-06,2.7772849e-06,3.3805547e-06
4.507173e-06,4.275208e-06,5.144013e-06
3.533742e-06,3.272183e-06,3.7951472e-06
2.5157424e-06,2.3617836e-06,2.981673e-06
3.2151006e-06,3.0160538e-06,3.9169668e-06
4.400468e-06,4.397502e-06,5.7940547e-06
4.1500525e-06,3.9155516e-06,4.621926e-06
3.655893e-06,3.4555899e-06,4.1408452e-06
3.3485048e-06,3.1935083e-06,4.054407e-06
2.9659684e-06,2.8222025e-06,3.6856945e-06
3.2015007e-06,3.0799097e-06,3.886925e-06
3.5234182e-06,3.3523145e-06,4.304645e-06
5.988869e-06,5.853167e-06,8.0369455e-06
2.690719e-06,2.5356842e-06,3.1948348e-06
4.8593183e-06,4.708739e-06,6.1668093e-06
4.5324764e-06,4.2610072e-06,5.3022573e-06
5.459403e-06,5.199386e-06,6.321039e-06
8.756809e-06,8.331801e-06,9.4966845e-06
8.057255e-06,7.781273e-06,8.915611e-06
2.6970934e-06,2.5451868e-06,3.0428896e-06
2.7298527e-06,2.5786674e-06,3.4813008e-06
4.6881496e-06,4.3878003e-06,5.336766e-06
3.81153e-06,3.576916e-06,4.5198094e-06
6.318422e-06,5.8830396e-06,6.3743037e-06
4.569484e-06,4.347246e-06,5.091076e-06
3.1325646e-06,3.005734e-06,3.961875e-06
2.443634e-06,2.3064172e-06,2.9433788e-06
2.6878365e-06,2.4742567e-06,3.0632098e-06
3.3388228e-06,3.0584379e-06,3.5357268e-06
2.8135298e-06,2.5944335e-06,3.0951264e-06
2.6487626e-06,2.4362594e-06,3.1003815e-06
2.917254e-06,2.6907005e-06,3.3668723e-06
4.4120643e-06,4.0503737e-06,4.786495e-06
5.2391783e-06,4.8594325e-06,5.752431e-06
4.0847417e-06,3.7316545e-06,4.194295e-06
1.9802444e-06,1.7982296e-06,2.2652464e-06
1.9521988e-06,1.7788552e-06,2.3482387e-06
2.4753945e-06,2.2770303e-06,2.9020255e-06
3.452354e-06,3.2182597e-06,4.014304e-06
2.8854981e-06,2.6510515e-06,3.1012744e-06
2.374365e-06,2.1411474e-06,2.684506e-06
4.86497e-06,4.5577426e-06,5.775034e-06
1.3777657e-05,1.3096472e-05,1.506939e-05
7.072797e-06,6.783551e-06,7.642543e-06
3.1184506e-06,3.0442025e-06,3.5394746e-06
3.6880635e-06,3.6985416e-06,5.146908e-06
8.138597e-06,7.639212e-06,9.194831e-06
7.96877e-06,7.5501653e-06,8.578562e-06
3.3314288e-06,3.1282302e-06,3.5789956e-06
6.028995e-06,5.7767597e-06,7.430646e-06
3.44941e-06,3.3412439e-06,4.507366e-06
8.882154e-06,8.361628e-06,9.794754e-06
4.831619e-06,4.589651e-06,5.2257833e-06
1.1588138e-06,1.0833899e-06,1.3011631e-06
1.5886055e-06,1.5472444e-06,2.4089386e-06
9.814786e-06,9.31908e-06,1.187617e-05
6.557185e-06,5.8202377e-06,6.008311e-06
2.393102e-06,2.1992832e-06,2.1667195e-06
3.2735122e-06,3.0364324e-06,3.9971774e-06
4.9377827e-06,4.3977516e-06,5.484579e-06
5.9961835e-06,5.48783e-06,6.2531626e-06
3.239264e-06,2.8709549e-06,3.0550314e-06
4.2183874e-06,4.124933e-06,5.2688165e-06
3.344303e-06,3.1181735e-06,3.971998e-06
1.0299148e-05,9.682282e-06,1.1920905e-05
5.982961e-06,5.8217556e-06,7.2588423e-06
1.632516e-06,1.5441294e-06,1.8899311e-06
4.9816263e-06,4.7121366e-06,6.243121e-06
4.7442977e-06,4.363731e-06,5.4452e-06
3.976803e-06,3.630123e-06,4.2198926e-06
4.1993044e-06,3.8565026e-06,4.5943484e-06
2.5602176e-06,2.355277e-06,3.0985095e-06
2.05838e-06,1.8696106e-06,2.5368263e-06
2.4810174e-06,2.2629042e-06,2.8876348e-06
3.0826243e-06,2.907991e-06,3.5636967e-06
9.417185e-06,8.710392e-06,9.572917e-06
7.1181157e-06,6.875876e-06,7.857675e-06
2.687962e-06,2.670291e-06,3.657747e-06
1.5788168e-06,1.48044e-06,2.0729476e-06
3.3318734e-06,3.1859513e-06,4.417791e-06
8.4649355e-06,7.962388e-06,9.845777e-06
4.36169e-06,3.9893994e-06,4.577095e-06
1.9258791e-06,1.7311646e-06,2.1125018e-06
3.3612992e-06,3.1730608e-06,4.2571446e-06
6.7919013e-06,6.365734e-06,8.062056e-06
5.5110204e-06,5.1213365e-06,6.1258215e-06
4.6950404e-06,4.377604e-06,5.028416e-06
4.137858e-06,4.264147e-06,6.2675927e-06
2.0586235e-06,1.8791845e-06,2.5777654e-06
3.7778896e-06,3.5227308e-06,4.4562394e-06
5.5259834e-06,5.0833646e-06,5.788617e-06
5.6125714e-06,5.245409e-06,5.975827e-06
8.180876e-06,7.937393e-06,9.174068e-06
4.7525164e-06,4.527478e-06,5.5263267e-06
2.5323684e-06,2.3230234e-06,2.8942975e-06
5.025181e-06,4.800755e-06,6.0457023e-06
9.600475e-06,8.998398e-06,1.0046866e-05
6.9951516e-06,6.629889e-06,7.1244167e-06
3.1107797e-06,3.0282786e-06,4.039639e-06
1.6811566e-06,1.5456908e-06,2.2087513e-06
1.5102519e-06,1.346689e-06,1.8686899e-06
2.331657e-06,2.0455795e-06,2.512631e-06
2.9705102e-06,2.589708e-06,2.9606313e-06
3.1005166e-06,2.8447907e-06,3.5316225e-06
2.377724e-06,2.1574383e-06,2.794904e-06
2.7551573e-06,2.4629996e-06,3.11419e-06
3.655994e-06,3.223752e-06,3.9436554e-06
3.4066247e-06,3.0475478e-06,3.6014249e-06
2.7998078e-06,2.487389e-06,2.9912874e-06
2.786162e-06,2.5618424e-06,3.2020696e-06
3.044682e-06,2.781979e-06,3.5399412e-06
5.1763486e-06,4.4982503e-06,5.5948426e-06
6.0826724e-06,5.6648532e-06,6.6580083e-06
3.5253834e-06,3.2194475e-06,3.7977989e-06
4.6916866e-06,4.3024183e-06,5.1830425e-06
6.413428e-06,6.0335333e-06,7.093865e-06
3.9879696e-06,3.7204634e-06,4.5489674e-06
2.3725775e-06,2.1981346e-06,2.7570404e-06
2.7545022e-06,2.5635322e-06,3.4366617e-06
6.512336e-06,6.1056317e-06,7.3714195e-06
4.950485e-06,4.507695e-06,4.9948576e-06
7.754354e-06,7.277273e-06,8.044387e-06
6.262716e-06,6.0222446e-06,7.1892937e-06
2.5669692e-06,2.4026513e-06,3.1549048e-06
2.1194282e-06,2.0405648e-06,2.7579686e-06
2.7955198e-06,2.6050293e-06,3.2163327e-06
2.9906105e-06,2.7063484e-06,3.2547862e-06
5.055092e-06,4.735563e-06,5.876437e-06
7.5118323e-06,7.1610166e-06,8.72858e-06
9.247247e-06,8.957331e-06,1.0380441e-05
2.611454e-06,2.4592573e-06,2.964935e-06
2.3869081e-06,2.279632e-06,2.9888768e-06
3.7188697e-06,3.561411e-06,5.0741073e-06
6.2370164e-06,5.810298e-06,7.0351116e-06
3.2534917e-06,2.9371317e-06,3.3370502e-06
4.3813984e-06,4.151815e-06,5.335045e-06
6.0078937e-06,5.7657508e-06,7.4483323e-06
5.631943e-06,5.3916174e-06,6.7123533e-06
4.5739766e-06,4.2680613e-06,5.4447796e-06
3.3026686e-06,3.221694e-06,4.389052e-06
2.772519e-06,2.6804769e-06,3.4731443e-06
4.605363e-06,4.434798e-06,5.590594e-06
6.8235504e-06,6.4649917e-06,7.72414e-06
6.052206e-06,5.690569e-06,6.7370956e-06
2.8311197e-06,2.6261916e-06,3.2972155e-06
2.8256327e-06,2.7252088e-06,3.5811656e-06
4.4370754e-06,4.223908e-06,5.2075106e-06
7.4185737e-06,7.0048786e-06,8.579633e-06
3.6306742e-06,3.4382379e-06,4.176663e-06
6.109092e-06,5.8801775e-06,7.3567003e-06
7.1736767e-06,6.943063e-06,9.322544e-06
2.9611654e-06,2.8193017e-06,3.5386533e-06
2.2313557e-06,2.1574647e-06,2.8356767e-06
2.67906e-06,2.6703713e-06,3.369488e-06
3.3128904e-06,3.206762e-06,3.995979e-06
4.098756e-06,3.9391184e-06,4.5028874e-06
3.784534e-06,3.5122043e-06,4.3282753e-06
3.5595913e-06,3.481838e-06,4.420404e-06
3.5668388e-06,3.4996235e-06,4.405772e-06
3.9683027e-06,3.7976765e-06,4.6123123e-06
4.0658015e-06,3.85771e-06,4.578791e-06
3.3232914e-06,3.10306e-06,3.8101443e-06
3.3341614e-06,3.093192e-06,3.9568586e-06
3.6614613e-06,3.430685e-06,4.3139617e-06
3.6616425e-06,3.4931497e-06,4.4753874e-06
3.5793466e-06,3.4014643e-06,4.593003e-06
5.2738555e-06,5.0072645e-06,6.312805e-06
4.78277e-06,4.509586e-06,5.616507e-06
3.593168e-06,3.4838915e-06,4.4597887e-06
3.2611406e-06,3.1737636e-06,4.2550637e-06
3.6160739e-06,3.5091975e-06,4.6560035e-06
4.143475e-06,3.8966696e-06,4.979028e-06
4.4726294e-06,4.441152e-06,5.4258117e-06
3.5642574e-06,3.5664089e-06,4.3501946e-06
3.1461423e-06,3.2288383e-06,4.277732e-06
3.1183613e-06,3.1151583e-06,4.208415e-06
5.3560316e-06,5.236355e-06,6.604012e-06
3.4223253e-06,3.3712963e-06,4.0886653e-06
3.1730365e-06,3.1951836e-06,4.147957e-06
3.3823792e-06,3.295268e-06,4.5904753e-06
4.3435075e-06,4.1520557e-06,5.466279e-06
4.970803e-06,4.7628573e-06,5.844715e-06
5.584886e-06,5.4666657e-06,6.6263065e-06
4.3807777e-06,4.205363e-06,4.4613107e-06
3.213001e-06,3.1257587e-06,4.0639898e-06
3.7389448e-06,3.7322504e-06,4.9024347e-06
5.314774e-06,5.338237e-06,6.4472106e-06
7.164895e-06,6.8056715e-06,7.996844e-06
5.255196e-06,4.847486e-06,5.6504305e-06
3.7965456e-06,3.752688e-06,4.7871063e-06
3.596468e-06,3.8005946e-06,5.443665e-06
5.547711e-06,5.594472e-06,6.4808796e-06
5.936832e-06,5.5342625e-06,6.349785e-06
5.5369683e-06,4.955634e-06,6.041394e-06
4.559309e-06,4.682679e-06,6.7932415e-06
4.4531685e-06,4.920358e-06,7.3405695e-06
4.1593935e-06,4.36138e-06,6.435661e-06
3.224571e-06,3.5056698e-06,5.62921e-06
2.5160216e-06,3.0168453e-06,4.347393e-06
2.7032129e-06,3.2096832e-06,4.4259227e-06
3.1613795e-06,3.2876858e-06,4.4223734e-06
3.7599118e-06,3.946281e-06,4.647428e-06
3.8716753e-06,4.077873e-06,5.4401157e-06
3.755816e-06,3.6756217e-06,4.3388072e-06
3.2317275e-06,3.3118624e-06,4.448023e-06
3.930333e-06,3.7267353e-06,5.1668767e-06
4.385291e-06,4.0956766e-06,5.321198e-06
3.900077e-06,3.6200345e-06,4.273076e-06
3.2211185e-06,3.1503703e-06,4.129808e-06
2.960068e-06,2.9861478e-06,4.26054e-06
3.1593136e-06,3.224645e-06,4.523092e-06
3.678059e-06,3.7154155e-06,4.9365162e-06
4.1578614e-06,4.1089233e-06,5.3794124e-06
3.9288016e-06,3.9561883e-06,4.9531536e-06
3.674489e-06,3.7480763e-06,4.870812e-06
3.5723904e-06,3.701002e-06,4.914649e-06
4.056702e-06,4.130529e-06,5.87936e-06
4.1839317e-06,4.2711154e-06,5.771703e-06
3.1615266e-06,3.3556305e-06,4.3654845e-06
3.0269719e-06,3.333719e-06,4.601684e-06
3.3916258e-06,3.7602263e-06,4.905162e-06
3.7503632e-06,3.928691e-06,5.059052e-06
3.7063903e-06,3.8401304e-06,5.3409326e-06
3.753899e-06,3.9311026e-06,5.2852797e-06
3.4612262e-06,3.6848992e-06,5.4922843e-06
2.8088577e-06,3.0035703e-06,4.0890313e-06
3.118888e-06,3.2648325e-06,4.310576e-06
2.8740183e-06,3.0034357e-06,3.7100333e-06
4.0980945e-06,4.149189e-06,5.133029e-06
2.9446555e-06,2.950191e-06,3.5491182e-06
3.552616e-06,3.573333e-06,4.538667e-06
5.7757616e-06,5.7600355e-06,7.547375e-06
4.875593e-06,4.8327393e-06,6.0009575e-06
3.525507e-06,3.5178696e-06,4.33042e-06
3.1667169e-06,3.2770295e-06,4.256783e-06
3.1615677e-06,3.3460572e-06,4.5261263e-06
4.2887486e-06,4.357268e-06,5.434099e-06
4.9501677e-06,4.999582e-06,6.029869e-06
4.2261527e-06,4.2779275e-06,5.233011e-06
3.933534e-06,4.1913077e-06,5.564226e-06
4.085679e-06,4.263407e-06,5.6480358e-06
4.5186653e-06,4.509516e-06,5.6261097e-06
4.5248185e-06,4.552355e-06,5.78639e-06
4.5826537e-06,4.6554733e-06,5.9585673e-06
4.2629754e-06,4.383533e-06,5.8198525e-06
3.5916528e-06,3.7451125e-06,5.0234826e-06
4.022583e-06,4.2437096e-06,5.438731e-06
4.4356507e-06,4.6606565e-06,5.7882557e-06
4.2719303e-06,4.439399e-06,5.3960175e-06
3.8144572e-06,3.9828324e-06,4.7978747e-06
3.7354603e-06,3.9456927e-06,4.8880056e-06
3.848359e-06,4.0905834e-06,5.1965e-06
6.0483226e-06,6.114772e-06,7.802701e-06
4.180581e-06,4.295055e-06,5.403792e-06
3.4869656e-06,3.704179e-06,4.8029324e-06
3.2718497e-06,3.950762e-06,5.868434e-06
3.0446438e-06,3.504485e-06,4.9373766e-06
3.6321758e-06,3.8477956e-06,5.1261813e-06
3.7490413e-06,4.0229825e-06,5.6145773e-06
7.082519e-06,7.3413626e-06,9.426384e-06
3.0967647e-06,3.45047e-06,4.290847e-06
2.5672812e-06,2.9684259e-06,4.1859294e-06
2.812039e-06,3.3950396e-06,5.216634e-06
3.2211733e-06,3.5482685e-06,4.775321e-06
4.0159584e-06,4.1021403e-06,5.251278e-06
3.4712211e-06,3.6828046e-06,4.8591937e-06
2.1771039e-06,2.6379835e-06,3.9199376e-06
2.0303182e-06,2.66795e-06,4.369488e-06
2.995929e-06,3.3657602e-06,4.686837e-06
3.6479298e-06,3.8527096e-06,5.3261942e-06
3.607518e-06,3.871811e-06,5.183163e-06
2.5679026e-06,2.9040511e-06,4.025098e-06
2.4945207e-06,2.9759815e-06,4.472259e-06
2.8752988e-06,3.3847714e-06,4.98631e-06
3.4193945e-06,3.752817e-06,5.106691e-06
3.449779e-06,3.682638e-06,5.0281033e-06
3.454162e-06,3.7392535e-06,5.1725874e-06
2.3972975e-06,2.7284993e-06,4.0543046e-06
3.346176e-06,3.6936003e-06,5.497485e-06
5.3366043e-06,5.551804e-06,7.134427e-06
3.649067e-06,3.9527317e-06,5.1228544e-06
2.1729488e-06,2.5558006e-06,3.7150246e-06
1.7159375e-06,2.2551026e-06,3.439065e-06
2.8136733e-06,3.1959582e-06,4.411088e-06
3.4992906e-06,3.5290086e-06,4.3066793e-06
3.6541103e-06,3.6756996e-06,4.54869e-06
3.4654745e-06,3.7216282e-06,5.0530625e-06
3.2086984e-06,3.480273e-06,4.5296715e-06
3.3207311e-06,3.4681966e-06,4.3454797e-06
3.5384048e-06,3.6240115e-06,4.6592736e-06
3.874053e-06,3.9164674e-06,4.9569257e-06
4.464814e-06,4.502025e-06,5.485122e-06
4.462182e-06,4.4890926e-06,5.6145445e-06
4.8276142e-06,4.9268106e-06,6.056801e-06
3.13462e-06,3.3066585e-06,4.295467e-06
4.928398e-06,5.1276666e-06,6.646308e-06
5.4331676e-06,5.65171e-06,7.3166184e-06
5.0654508e-06,5.0502076e-06,6.0412485e-06
2.7625551e-06,2.9924265e-06,3.8818916e-06
4.635857e-06,4.9585883e-06,6.7399624e-06
6.4799324e-06,6.6417474e-06,8.050464e-06
3.089414e-06,3.2118805e-06,3.9106612e-06
3.7328682e-06,4.0114223e-06,5.637585e-06
4.9020105e-06,5.306839e-06,7.3636993e-06
2.2695938e-06,2.4747221e-06,3.0467686e-06
3.3168308e-06,3.5477904e-06,4.9437463e-06
4.02945e-06,4.323471e-06,5.8953437e-06
3.749918e-06,3.844227e-06,4.7607164e-06
3.7443256e-06,3.816411e-06,4.9340983e-06
5.8259056e-06,6.0264924e-06,7.688543e-06
3.6743793e-06,3.8387216e-06,4.965305e-06
3.578722e-06,3.7153236e-06,4.553846e-06
4.874457e-06,5.163495e-06,6.6990965e-06
3.0970518e-06,3.344717e-06,4.2783604e-06
3.1523116e-06,3.2685705e-06,4.0415953e-06
3.2874366e-06,3.6751892e-06,5.1464067e-06
4.148941e-06,4.3857785e-06,5.878886e-06
4.8856446e-06,4.989996e-06,6.302883e-06
3.4077705e-06,3.624964e-06,4.7499125e-06
3.0959775e-06,3.4545694e-06,5.015149e-06
2.7904794e-06,3.161885e-06,4.4491876e-06
3.4634002e-06,3.7075818e-06,4.8474235e-06
4.055689e-06,4.1758417e-06,5.506871e-06
3.4631914e-06,3.519296e-06,4.3824384e-06
2.814795e-06,2.9320786e-06,4.1693283e-06
2.8984762e-06,3.1000752e-06,4.121533e-06
3.5996777e-06,3.7160567e-06,4.5592083e-06
3.3034528e-06,3.1984564e-06,3.951785e-06
2.9011478e-06,3.0005756e-06,3.692141e-06
3.3079764e-06,3.4126374e-06,4.372253e-06
2.3995071e-06,2.3727857e-06,3.085746e-06
2.0585708e-06,2.0327425e-06,2.7468407e-06
2.2993343e-06,2.407681e-06,3.1874238e-06
2.9046325e-06,2.982914e-06,3.7703758e-06
2.811955e-06,2.8571656e-06,3.5122334e-06
6.3771645e-06,6.2186095e-06,7.813501e-06
4.277287e-06,4.036768e-06,5.0597946e-06
2.4646195e-06,2.6509194e-06,3.5390253e-06
4.4000153e-06,4.3530686e-06,5.693667e-06
4.3836308e-06,4.2135157e-06,5.42235e-06
3.4228542e-06,3.2765809e-06,3.859648e-06
2.5173206e-06,2.5679542e-06,3.108637e-06
5.47246e-06,5.408261e-06,6.825377e-06
5.2188743e-06,4.9862706e-06,5.917725e-06
3.8436056e-06,3.661764e-06,4.4517087e-06
3.2570351e-06,3.192703e-06,3.9720985e-06
4.3855935e-06,4.3763816e-06,5.540506e-06
4.3298287e-06,4.2411402e-06,4.820026e-06
4.4984436e-06,4.2885513e-06,4.8670063e-06
4.887204e-06,4.4720086e-06,5.3712965e-06
5.3674426e-06,5.1479046e-06,6.5801228e-06
4.7988387e-06,4.6653254e-06,5.755656e-06
5.707408e-06,5.454306e-06,6.485988e-06
4.552717e-06,4.4939006e-06,5.594941e-06
4.3063865e-06,4.4492335e-06,6.0768944e-06
3.571296e-06,3.5728212e-06,4.3845807e-06
3.9378942e-06,4.002793e-06,4.9610126e-06
3.400151e-06,3.473981e-06,4.178196e-06
3.1765508e-06,3.2816538e-06,4.0284367e-06
3.7153902e-06,3.7324749e-06,4.6138243e-06
4.0416608e-06,4.044592e-06,4.868515e-06
4.6629175e-06,4.6340456e-06,5.3380622e-06
4.2952515e-06,4.2136553e-06,5.074692e-06
4.111576e-06,4.005638e-06,4.722349e-06
5.203962e-06,5.3871427e-06,6.8761715e-06
6.070171e-06,5.9299064e-06,6.899517e-06
7.0483466e-06,6.915411e-06,8.176236e-06
9.612255e-06,9.282878e-06,1.1711281e-05
3.178206e-06,3.5173016e-06,4.4653934e-06
1.8193168e-06,1.9759268e-06,2.7303615e-06
5.959985e-06,5.9592035e-06,7.904868e-06
6.0846723e-06,5.778908e-06,6.977042e-06
3.877736e-06,3.665741e-06,4.200993e-06
6.1518413e-06,6.045453e-06,7.0832457e-06
4.069729e-06,4.0527584e-06,5.0243602e-06
1.4299814e-06,1.4077606e-06,1.9751342e-06
1.4043491e-06,1.4166083e-06,2.0311982e-06
2.5908043e-06,2.4858416e-06,3.1175755e-06
5.3953086e-06,4.767273e-06,5.477773e-06
4.6177074e-06,4.2001025e-06,4.6358373e-06
2.8933623e-06,2.8592908e-06,3.5884375e-06
2.8954296e-06,2.886086e-06,3.7322977e-06
3.5862117e-06,3.5121047e-06,4.2954284e-06
3.012612e-06,2.794119e-06,3.3641384e-06
3.0608098e-06,2.9427906e-06,3.5236233e-06
2.4392891e-06,2.4025435e-06,3.145208e-06
3.174949e-06,3.1602553e-06,4.181158e-06
3.6817742e-06,3.5851917e-06,4.4303806e-06
3.3354052e-06,3.282832e-06,4.119816e-06
3.1919196e-06,3.151512e-06,4.0460104e-06
2.9175467e-06,2.7851072e-06,3.597342e-06
2.5890895e-06,2.5500558e-06,3.241959e-06
2.8632414e-06,2.824549e-06,3.5900928e-06
3.4994246e-06,3.2802923e-06,3.927374e-06
3.367629e-06,3.177845e-06,3.8499693e-06
3.785553e-06,3.484176e-06,4.2220718e-06
4.5030515e-06,4.230022e-06,4.9869127e-06
4.434004e-06,4.312641e-06,5.229682e-06
5.236725e-06,5.1297325e-06,6.1143373e-06
5.886561e-06,5.6741956e-06,6.702349e-06
4.7098065e-06,4.7595795e-06,5.9760473e-06
5.1257107e-06,5.0356393e-06,6.432122e-06
3.43574e-06,3.4428424e-06,4.5761217e-06
2.3007237e-06,2.2022793e-06,2.7738e-06
2.5235277e-06,2.4495077e-06,3.1661664e-06
3.9101315e-06,3.861596e-06,4.700094e-06
5.184912e-06,5.015264e-06,5.8671076e-06
2.857529e-06,2.7593758e-06,3.3085466e-06
2.1439955e-06,2.0885614e-06,2.7834603e-06
2.2838387e-06,2.245381e-06,3.0004317e-06
2.7371618e-06,2.661469e-06,3.253092e-06
2.8028828e-06,2.6833593e-06,3.1348068e-06
1.9912773e-06,1.9021256e-06,2.3554626e-06
1.3017576e-06,1.2629432e-06,1.7994723e-06
1.6421875e-06,1.5873318e-06,2.2188283e-06
1.9956158e-06,1.912036e-06,2.4383742e-06
1.7843522e-06,1.6621256e-06,1.9929223e-06
1.7036127e-06,1.570496e-06,1.9652143e-06
1.6246177e-06,1.5002664e-06,1.9240458e-06
4.584891e-06,4.255315e-06,5.135925e-06
3.4637706e-06,3.2307428e-06,3.6169338e-06
2.9762389e-06,2.7752512e-06,3.3881522e-06
4.748046e-06,4.4635995e-06,5.81126e-06
1.4028326e-06,1.2238121e-06,1.4878988e-06
1.3466869e-06,1.1581488e-06,1.493494e-06
1.679068e-06,1.4497925e-06,1.8541202e-06
2.2383288e-06,1.9323022e-06,2.3322914e-06
3.9091274e-06,3.4298798e-06,3.97692e-06
2.965758e-06,2.5654879e-06,2.9702146e-06
2.657333e-06,2.284017e-06,2.7621272e-06
5.2702476e-06,4.626641e-06,5.363342e-06
4.4251638e-06,3.9257116e-06,4.5667366e-06
4.7158123e-06,4.2199017e-06,4.876552e-06
3.6801932e-06,3.2548355e-06,3.841399e-06
2.180603e-06,1.8582383e-06,2.3530752e-06
2.2718202e-06,1.9668078e-06,2.4940023e-06
2.1862254e-06,1.9021043e-06,2.377626e-06
1.95629e-06,1.6941794e-06,2.0400844e-06
1.9060968e-06,1.6425874e-06,1.9196254e-06
2.6152625e-06,2.3072512e-06,2.8179886e-06
5.7859156e-06,5.371012e-06,7.215426e-06
2.0575758e-06,1.814619e-06,2.0836405e-06
1.4814958e-06,1.2857192e-06,1.6611145e-06
1.4962912e-06,1.2826082e-06,1.6310745e-06
1.2449034e-06,1.0600397e-06,1.269231e-06
1.5614318e-06,1.333151e-06,1.6251477e-06
1.7614481e-06,1.5103748e-06,1.8315441e-06
1.977765e-06,1.7000727e-06,2.1025485e-06
1.7885202e-06,1.5418493e-06,1.8099348e-06
1.8630299e-06,1.5888606e-06,2.026161e-06
2.0933471e-06,1.8337544e-06,2.1779497e-06
2.0676068e-06,1.7800361e-06,2.0933953e-06
1.61092e-06,1.3700602e-06,1.6962258e-06
2.062839e-06,1.7697457e-06,2.168997e-06
3.01702e-06,2.679361e-06,3.4220852e-06
3.3162996e-06,2.8863194e-06,3.4322377e-06
5.0314284e-06,4.5121915e-06,5.527009e-06
5.3489266e-06,4.829168e-06,5.741319e-06
4.6148175e-06,4.2418887e-06,5.0731182e-06
5.208705e-06,4.8367006e-06,6.088737e-06
5.747951e-06,5.3164963e-06,6.4077494e-06
6.9574075e-06,6.4430265e-06,7.58242e-06
5.747178e-06,5.3424046e-06,6.352181e-06
7.752048e-06,7.313426e-06,9.204925e-06
7.2563257e-06,6.9217085e-06,8.803161e-06
5.8810747e-06,5.5890473e-06,7.1386376e-06
8.506965e-06,8.032641e-06,1.0048476e-05
4.002274e-06,3.7348595e-06,4.7086905e-06
3.3536642e-06,3.2237847e-06,4.1633766e-06
2.9921396e-06,2.9599828e-06,3.9979373e-06
5.614395e-06,5.5059654e-06,7.1171135e-06
3.7881975e-06,3.5998255e-06,4.4209983e-06
2.816659e-06,2.6412365e-06,3.3487627e-06
2.7989058e-06,2.5154386e-06,3.1682787e-06
3.2458374e-06,2.9539974e-06,3.7075565e-06
5.6328436e-06,5.1369075e-06,6.10508e-06
2.4349422e-06,2.2345632e-06,2.6722687e-06
2.693768e-06,2.5442828e-06,3.2419819e-06
2.0782522e-06,1.8912806e-06,2.5088234e-06
3.251717e-06,2.9776547e-06,3.821838e-06
3.2053408e-06,2.9954629e-06,3.5653836e-06
3.2667372e-06,3.0251017e-06,3.5803373e-06
2.4798221e-06,2.2773684e-06,2.883099e-06
2.3258228e-06,2.0765249e-06,2.6307462e-06
3.0692122e-06,2.7465553e-06,3.4016048e-06
3.7353493e-06,3.5694404e-06,4.4731996e-06
3.6243605e-06,3.3434746e-06,4.1161957e-06
2.8410402e-06,2.5713948e-06,3.208955e-06
3.5947796e-06,3.343961e-06,4.3100763e-06
6.3388275e-06,5.9980275e-06,7.599205e-06
4.2068145e-06,3.8806706e-06,4.492438e-06
3.790357e-06,3.490425e-06,4.306513e-06
3.8764892e-06,3.6619745e-06,4.5927495e-06
4.1624785e-06,3.9464126e-06,4.853353e-06
3.990161e-06,3.728245e-06,4.5896895e-06
4.9267273e-06,4.6170926e-06,5.62133e-06
3.408951e-06,3.253946e-06,4.032755e-06
4.1043795e-06,3.855456e-06,4.562304e-06
6.6152047e-06,6.364548e-06,7.6673705e-06
5.782793e-06,5.4719158e-06,6.346895e-06
2.9221173e-06,2.7420185e-06,3.359106e-06
3.0567535e-06,2.95477e-06,3.980992e-06
2.976365e-06,2.896885e-06,3.841865e-06
3.7003526e-06,3.6447368e-06,4.514656e-06
1.1249134e-05,1.07585165e-05,1.23830105e-05
7.7537e-06,7.530085e-06,9.0088e-06
3.1677168e-06,3.0446158e-06,3.723329e-06
2.467096e-06,2.2096233e-06,2.9485207e-06
3.1956242e-06,2.9302548e-06,3.6877675e-06
7.603145e-06,7.0672963e-06,8.3746945e-06
4.4643307e-06,4.175841e-06,4.598331e-06
1.694679e-06,1.589988e-06,1.992359e-06
2.4296767e-06,2.3256139e-06,3.245077e-06
2.9036196e-06,2.671817e-06,3.5466608e-06
3.2323892e-06,2.932331e-06,3.4916222e-06
3.1762215e-06,2.8778807e-06,3.3817607e-06
2.2756096e-06,2.0565099e-06,2.5599122e-06
3.2050461e-06,3.0278911e-06,4.116926e-06
4.3703976e-06,4.176198e-06,5.2018586e-06
4.683543e-06,4.4595067e-06,5.330019e-06
5.693769e-06,5.446588e-06,6.500869e-06
4.3782393e-06,4.255193e-06,5.463385e-06
3.4454667e-06,3.3830497e-06,4.503677e-06
3.4519423e-06,3.2569683e-06,4.2344122e-06
3.0417134e-06,3.0116523e-06,4.05001e-06
2.8992777e-06,2.789851e-06,3.5316637e-06
3.136338e-06,3.0776082e-06,3.9652086e-06
3.3191077e-06,3.2282853e-06,4.119139e-06
3.3398235e-06,3.138553e-06,3.994282e-06
3.3251595e-06,3.102347e-06,3.9899924e-06
3.4043442e-06,3.382803e-06,4.227296e-06
3.910928e-06,3.6809738e-06,4.7554004e-06
5.2874325e-06,5.074568e-06,6.005725e-06
4.2422166e-06,4.112171e-06,5.0078406e-06
3.865995e-06,3.8579738e-06,4.724825e-06
3.4101765e-06,3.2725409e-06,4.2754073e-06
3.794444e-06,3.6369347e-06,4.485716e-06
5.2373484e-06,4.8214815e-06,5.755212e-06
5.464951e-06,5.057974e-06,5.8223354e-06
6.22914e-06,5.8833825e-06,6.884795e-06
6.7676838e-06,6.6054877e-06,8.116876e-06
6.151039e-06,5.9240206e-06,7.447635e-06
4.2654956e-06,4.05489e-06,5.061681e-06
3.4106838e-06,3.5746336e-06,4.9554924e-06
4.66723e-06,5.1439815e-06,6.489897e-06
7.008144e-06,6.6654306e-06,7.980904e-06
5.6058097e-06,5.369573e-06,6.2179597e-06
3.1723728e-06,3.189547e-06,4.5701518e-06
3.0973777e-06,3.2315086e-06,4.4657236e-06
4.8775228e-06,4.5482434e-06,5.813524e-06
4.96051e-06,4.440151e-06,4.78122e-06
4.0641708e-06,3.6269419e-06,4.3261616e-06
3.8721473e-06,3.7481973e-06,5.3224408e-06
4.243425e-06,4.0827244e-06,5.089062e-06
4.4406306e-06,4.0940677e-06,4.8622032e-06
4.2487036e-06,4.0020363e-06,4.953047e-06
3.5421126e-06,3.6121849e-06,4.316519e-06
3.574105e-06,3.5826283e-06,4.6983114e-06
4.043065e-06,4.0324326e-06,5.1130587e-06
4.7559747e-06,4.640347e-06,6.018066e-06
4.3429873e-06,4.2976935e-06,5.5751098e-06
4.136177e-06,4.2507704e-06,5.240985e-06
3.7022241e-06,4.0296986e-06,5.160219e-06
4.150444e-06,4.3865925e-06,5.5381743e-06
3.940525e-06,4.0915643e-06,5.2672754e-06
3.4427117e-06,3.7162044e-06,4.754108e-06
3.5405246e-06,3.9379893e-06,5.339024e-06
3.838622e-06,4.2758033e-06,5.5713526e-06
3.409211e-06,3.7494683e-06,4.8944594e-06
3.2222888e-06,3.4773657e-06,4.704349e-06
3.1975712e-06,3.4782097e-06,4.9523815e-06
3.4152326e-06,3.7129405e-06,5.1202246e-06
4.876341e-06,4.990938e-06,6.500093e-06
3.19867e-06,3.2972362e-06,4.1749e-06
4.1309695e-06,4.3647356e-06,5.7626676e-06
3.4509467e-06,3.8060593e-06,5.1269317e-06
3.0905271e-06,3.2549765e-06,4.0356417e-06
4.477003e-06,4.6799823e-06,6.062221e-06
3.929457e-06,4.2890797e-06,5.770317e-06
3.2109558e-06,3.3148513e-06,4.087013e-06
2.904132e-06,3.2322653e-06,4.5104134e-06
3.5246107e-06,4.0431196e-06,5.898167e-06
3.7035334e-06,3.951689e-06,5.0949234e-06
3.6786573e-06,3.826792e-06,4.760578e-06
2.980592e-06,3.3161814e-06,4.73083e-06
3.27531e-06,3.716618e-06,5.368791e-06
3.7698853e-06,4.1588005e-06,5.4898182e-06
3.7478808e-06,3.942342e-06,5.1681045e-06
3.2372511e-06,3.5959652e-06,4.872294e-06
3.0447961e-06,3.6673785e-06,5.3156296e-06
3.3012766e-06,3.838171e-06,5.1079737e-06
3.278958e-06,3.6551216e-06,4.9896703e-06
2.9053672e-06,3.4398388e-06,5.0936706e-06
2.7253918e-06,3.380818e-06,5.221401e-06
2.7670492e-06,3.3654555e-06,5.105573e-06
2.6164867e-06,3.1604002e-06,4.8550005e-06
2.4980727e-06,3.0876733e-06,4.8580323e-06
2.4466106e-06,3.0776646e-06,4.7667627e-06
2.715507e-06,3.2938328e-06,4.826458e-06
2.4748788e-06,2.9778694e-06,4.3953896e-06
2.5354657e-06,3.0996057e-06,4.619279e-06
3.4682748e-06,4.110802e-06,5.9033905e-06
2.533676e-06,3.0021342e-06,4.202428e-06
2.2120464e-06,2.6133948e-06,3.8508274e-06
2.2427398e-06,2.9001887e-06,4.7168323e-06
2.6172233e-06,3.0978779e-06,4.4404333e-06
2.518058e-06,2.7851063e-06,3.6474587e-06
2.58118e-06,2.9382147e-06,4.174383e-06
3.0650183e-06,3.393991e-06,4.7091826e-06
2.9599555e-06,3.254696e-06,4.2378024e-06
3.3731326e-06,3.677434e-06,4.844876e-06
3.1911695e-06,3.4442699e-06,4.414022e-06
3.3944568e-06,3.7324257e-06,4.912494e-06
3.5968492e-06,3.923482e-06,5.0992976e-06
3.7613136e-06,4.0493896e-06,5.2907694e-06
3.2716525e-06,3.666087e-06,5.1655024e-06
3.9517763e-06,4.4477924e-06,6.2883287e-06
3.0026276e-06,3.520427e-06,5.1530906e-06
2.841973e-06,3.2857286e-06,4.721232e-06
2.9502237e-06,3.3282806e-06,4.723823e-06
3.0038657e-06,3.4115133e-06,4.8729416e-06
2.9533114e-06,3.2130763e-06,4.1909966e-06
3.1182033e-06,3.4162244e-06,4.499829e-06
2.8599268e-06,3.0600902e-06,3.957865e-06
3.2407727e-06,3.4878249e-06,4.5286533e-06
3.468486e-06,3.6345925e-06,4.5529378e-06
3.4858754e-06,3.5922876e-06,4.4710405e-06
3.530467e-06,3.651443e-06,4.7471003e-06
3.6737335e-06,3.8451653e-06,4.999113e-06
3.7160291e-06,3.836745e-06,4.857382e-06
3.4559507e-06,3.6306324e-06,4.5512907e-06
3.8751364e-06,4.1318717e-06,5.4965412e-06
4.204936e-06,4.50873e-06,5.825522e-06
3.870184e-06,4.0790046e-06,5.1177726e-06
3.779849e-06,4.066094e-06,5.4064676e-06
6.107076e-06,6.402022e-06,8.689012e-06
4.6830746e-06,5.015371e-06,6.4839514e-06
3.4549266e-06,3.7343052e-06,4.98421e-06
2.6465882e-06,3.089707e-06,4.522447e-06
2.8829832e-06,3.3228594e-06,4.793211e-06
4.0274304e-06,4.319146e-06,5.5500045e-06
3.796868e-06,4.0057166e-06,5.0626004e-06
3.4229574e-06,3.6787947e-06,4.9320674e-06
3.0955857e-06,3.4141012e-06,4.6379623e-06
3.3842273e-06,3.6134486e-06,4.744573e-06
3.8457865e-06,3.9771558e-06,5.0452195e-06
5.137293e-06,5.2620467e-06,6.9075263e-06
3.6387355e-06,3.755528e-06,4.737656e-06
3.28139e-06,3.5015291e-06,4.575816e-06
3.039081e-06,3.337393e-06,4.618797e-06
3.3725184e-06,3.6287984e-06,4.837607e-06
3.9571974e-06,4.13055e-06,5.3345625e-06
3.906856e-06,4.0168684e-06,5.054185e-06
3.3490753e-06,3.4537952e-06,4.3650357e-06
3.8315243e-06,4.0040695e-06,5.4316524e-06
3.7910818e-06,4.0537984e-06,5.3964127e-06
3.979319e-06,4.078281e-06,5.0915255e-06
3.621415e-06,3.767393e-06,4.763637e-06
3.6198478e-06,3.8362323e-06,5.012709e-06
4.9402915e-06,5.143718e-06,6.759887e-06
4.5323245e-06,4.7146214e-06,6.117634e-06
4.7575477e-06,4.988062e-06,6.589065e-06
4.3710356e-06,4.51122e-06,5.7979246e-06
4.185036e-06,4.5425068e-06,6.0158122e-06
4.752116e-06,5.0350536e-06,6.701384e-06
2.8493585e-06,3.2215132e-06,4.2623915e-06
2.8454165e-06,3.2327778e-06,4.3896302e-06
2.7210451e-06,3.0696538e-06,4.180173e-06
3.4908494e-06,3.743088e-06,4.8860375e-06
4.367565e-06,4.5217716e-06,5.7564735e-06
3.921268e-06,3.970127e-06,4.8837155e-06
3.40129e-06,3.5653018e-06,4.639034e-06
3.3919073e-06,3.6103454e-06,4.7685685e-06
4.3576993e-06,4.4395347e-06,5.5443984e-06
4.3207615e-06,4.333001e-06,5.2892983e-06
5.63625e-06,5.625148e-06,6.7818487e-06
3.7290508e-06,3.940961e-06,4.938314e-06
5.6017384e-06,5.946481e-06,7.850533e-06
2.8339553e-06,3.1418047e-06,4.173359e-06
3.459194e-06,3.838692e-06,5.5313703e-06
4.70135e-06,5.020675e-06,6.743144e-06
3.7748043e-06,3.9500674e-06,4.831919e-06
3.599626e-06,3.6994838e-06,4.944307e-06
2.934461e-06,3.3146323e-06,4.645913e-06
4.126443e-06,4.3376003e-06,5.5470246e-06
3.6588317e-06,3.8302182e-06,4.8348584e-06
5.658254e-06,5.574836e-06,6.6818575e-06
3.7044506e-06,3.839038e-06,5.1051093e-06
3.7016216e-06,3.9023525e-06,5.0984127e-06
3.440781e-06,3.760065e-06,5.063185e-06
4.498639e-06,4.5898887e-06,5.83068e-06
3.4973405e-06,3.5374644e-06,4.9296714e-06
4.0481955e-06,4.1514463e-06,5.9117237e-06
4.854371e-06,4.883232e-06,6.3872913e-06
2.7748683e-06,2.9190446e-06,3.687483e-06
1.9577087e-06,2.216276e-06,3.1981922e-06
5.4039474e-06,5.541486e-06,7.158372e-06
1.0222499e-05,9.945044e-06,1.1894866e-05
3.1288916e-06,3.2162257e-06,3.7774612e-06
2.2364625e-06,2.319528e-06,3.0916665e-06
1.8795834e-06,2.0612113e-06,3.3344343e-06
3.702072e-06,3.753233e-06,4.626865e-06
9.142756e-06,8.694733e-06,9.854346e-06
7.1290297e-06,6.988988e-06,7.740399e-06
5.1737893e-06,5.3256044e-06,6.7749306e-06
4.636028e-06,4.864663e-06,6.958192e-06
7.079743e-07,9.4887065e-07,1.5372243e-06
1.9264423e-06,2.1027301e-06,3.1377895e-06
5.288344e-06,4.8967963e-06,5.8366163e-06
5.225992e-06,4.8333154e-06,5.4122856e-06
4.206096e-06,4.0802006e-06,4.8058587e-06
6.288409e-06,6.1960336e-06,7.974352e-06
2.9856562e-06,3.127103e-06,4.1995345e-06
3.1832146e-06,3.1709885e-06,4.000706e-06
2.9562295e-06,3.0020356e-06,3.7613179e-06
3.4556037e-06,3.5535454e-06,4.312983e-06
3.7765117e-06,3.7511206e-06,4.377975e-06
2.510774e-06,2.5944655e-06,3.3322744e-06
2.3902332e-06,2.4437513e-06,3.3446127e-06
5.012374e-06,4.9997493e-06,6.6178545e-06
3.520451e-06,3.3146825e-06,3.6655379e-06
2.6915175e-06,2.5040658e-06,3.032145e-06
3.5597004e-06,3.4833888e-06,4.298e-06
6.354745e-06,6.1533237e-06,7.1552904e-06
6.764819e-06,6.5163777e-06,7.4217287e-06
4.919264e-06,4.790694e-06,5.7766583e-06
2.0047933e-06,1.9942997e-06,2.6068806e-06
1.9717459e-06,2.027719e-06,2.9432927e-06
2.7607948e-06,2.8201805e-06,3.7580626e-06
5.0256203e-06,4.587144e-06,5.3731574e-06
5.516437e-06,5.191454e-06,6.2289228e-06
4.5088714e-06,4.344356e-06,5.2560454e-06
5.911478e-06,5.8926457e-06,7.814978e-06
5.5234386e-06,5.473549e-06,6.684388e-06
3.3333185e-06,3.1321701e-06,3.804337e-06
3.3325973e-06,3.4006084e-06,4.6983523e-06
5.011824e-06,4.9004734e-06,6.4757687e-06
5.0356743e-06,4.943866e-06,6.3154366e-06
6.566632e-06,6.338813e-06,7.817563e-06
2.5894683e-06,2.6134887e-06,3.5512016e-06
1.5281021e-06,1.6756276e-06,2.4638405e-06
1.4791918e-06,1.604275e-06,2.3032237e-06
1.9237136e-06,1.9813567e-06,2.537838e-06
3.6006954e-06,3.411075e-06,4.0203886e-06
2.347081e-06,2.2865831e-06,2.7493145e-06
2.5487823e-06,2.5330744e-06,3.4521631e-06
3.0604308e-06,2.9444748e-06,3.7761304e-06
2.7354022e-06,2.5927234e-06,3.0755523e-06
2.4434053e-06,2.2868721e-06,2.728674e-06
2.103664e-06,1.9773674e-06,2.4294193e-06
1.7896018e-06,1.6951211e-06,2.1942953e-06
2.3424561e-06,2.2079835e-06,2.8041106e-06
2.6726004e-06,2.5058075e-06,3.0881176e-06
2.9820887e-06,2.7827841e-06,3.4116892e-06
2.662927e-06,2.467136e-06,3.006746e-06
3.3928106e-06,3.141065e-06,3.857983e-06
4.392462e-06,3.9992615e-06,4.7185968e-06
7.01068e-06,6.520268e-06,7.744521e-06
9.445792e-06,8.630847e-06,9.867957e-06
8.582067e-06,8.370477e-06,1.0260113e-05
3.5980606e-06,3.3709985e-06,4.1520166e-06
4.343092e-06,4.2598863e-06,5.8979617e-06
5.2241276e-06,4.952887e-06,6.842557e-06
4.0718514e-06,3.956296e-06,5.1670836e-06
2.378015e-06,2.2783042e-06,2.8619872e-06
2.7277842e-06,2.6323728e-06,3.5726075e-06
3.1390998e-06,2.8969257e-06,3.6367305e-06
3.8337957e-06,3.7180303e-06,4.916197e-06
2.9725925e-06,3.0439708e-06,4.2641127e-06
4.5833417e-06,4.8117154e-06,7.14962e-06
1.9668055e-06,1.7498476e-06,2.342622e-06
1.5408411e-06,1.354271e-06,1.8270837e-06
1.9049916e-06,1.6832282e-06,2.1467017e-06
3.176101e-06,2.8615536e-06,3.4496195e-06
7.451148e-06,7.208649e-06,9.088202e-06
5.8884007e-06,5.3123385e-06,5.8084916e-06
7.3243923e-06,6.7915e-06,7.612192e-06
5.1040834e-06,4.773131e-06,5.7497787e-06
4.2156266e-06,3.860204e-06,4.7965796e-06
2.8446052e-06,2.5111142e-06,3.0497572e-06
3.7838267e-06,3.4066493e-06,4.405271e-06
1.7907914e-06,1.5118512e-06,1.9068259e-06
2.2962736e-06,1.965101e-06,2.4818273e-06
2.462991e-06,2.2393342e-06,2.8972286e-06
2.6738403e-06,2.4694434e-06,3.2145865e-06
3.8388325e-06,3.367116e-06,4.1308635e-06
5.880694e-06,5.349131e-06,5.9946133e-06
1.3855552e-05,1.2731207e-05,1.3367235e-05
8.779402e-06,8.356493e-06,9.758135e-06
1.9397332e-06,1.8021907e-06,2.1409055e-06
2.4439566e-06,2.3192704e-06,3.3334795e-06
5.331554e-06,4.80336e-06,6.1137425e-06
4.4452354e-06,4.1952458e-06,5.3537415e-06
7.7627365e-06,7.384429e-06,8.658176e-06
9.077167e-06,8.941466e-06,1.1707432e-05
4.2662673e-06,4.298006e-06,6.2209715e-06
2.8007948e-06,2.67056e-06,3.490688e-06
3.1747106e-06,2.979669e-06,3.8966987e-06
