0,1,2,3,4
33.74,2.88,4.5600000000000005,11.01,52.19
23.89,2.66,3.46,12.2,42.21
28.84,2.12,2.88,9.83,43.67
21.68,1.85,2.5700000000000003,6.93,33.03
18.7,1.65,2.44,5.6,28.39
13.93,1.52,2.09,4.65,22.19
10.85,1.44,1.87,4.0,18.16
14.02,2.49,3.56,8.94,29.01
24.69,1.9,3.64,6.86,37.09
17.23,1.72,2.71,5.54,27.2
13.57,1.53,2.2800000000000002,4.62,22.0
10.32,1.3900000000000001,1.97,3.8200000000000003,17.5
8.46,1.32,1.79,3.29,14.86
6.93,1.26,1.5899999999999999,2.91,12.69
5.82,1.3599999999999999,1.53,2.74,11.45
6.31,1.49,1.7000000000000002,3.12,12.62
5.2,1.3900000000000001,1.73,5.0,13.32
3.01,1.53,1.6400000000000001,11.76,17.94
15.92,1.4,1.55,7.82,26.69
10.96,1.32,1.45,5.76,19.49
8.35,1.26,1.34,4.69,15.64
6.68,1.24,1.3,4.19,13.41
6.19,1.2,1.35,3.8,12.54
5.52,1.2,1.34,3.59,11.65
5.17,1.2,1.32,3.4,11.09
4.83,1.3,1.34,3.65,11.12
4.51,1.81,1.6800000000000002,4.91,12.91
14.1,2.47,3.76,12.28,32.61
21.5,1.79,2.85,8.64,34.78
16.11,1.67,3.34,6.67,27.79
12.86,1.56,2.83,5.64,22.89
9.88,1.57,2.37,5.28,19.1
30.8,4.54,17.29,18.99,71.62
39.6,3.61,10.14,14.09,67.44
30.02,4.16,11.75,12.22,58.15
28.37,2.96,7.26,9.67,48.26
22.46,2.51,5.26,7.78,38.01
19.45,2.88,5.45,7.77,35.55
28.02,2.98,7.01,9.82,47.83
28.44,2.81,5.5600000000000005,10.99,47.8
29.82,2.8,5.01,11.52,49.15
26.35,3.34,8.19,10.81,48.69
100.48,6.28,32.2,35.96,174.92
64.5,5.11,13.77,24.45,107.83
63.79,6.66,12.31,28.54,111.3
46.77,4.5,8.66,18.4,78.33
30.32,4.12,6.64,13.29,54.37
39.84,7.3,11.47,21.78,80.39
38.8,4.48,7.41,16.02,66.71
27.62,3.36,4.73,10.74,46.45
21.09,2.7800000000000002,3.54,8.07,35.48
16.32,2.07,3.7800000000000002,6.97,29.14
15.54,2.59,3.37,6.64,28.14
17.96,3.15,4.32,6.71,32.14
24.22,3.27,4.5600000000000005,7.77,39.82
22.68,4.7,5.01,9.11,41.5
45.02,4.95,7.58,15.01,72.56
43.95,4.53,10.47,11.89,70.84
59.93,4.05,20.81,13.3,98.09
51.16,4.44,15.84,13.81,85.25
85.46,7.73,19.15,31.9,144.24
66.75,5.43,12.31,24.42,108.91
53.92,7.0,14.42,28.9,104.24
54.07,4.82,10.73,21.1,90.72
38.98,4.73,8.78,17.35,69.84
34.73,5.75,8.37,22.67,71.52
39.96,4.44,7.2,19.16,70.76
28.92,3.59,5.44,13.7,51.65
24.72,3.06,4.84,11.28,43.9
23.53,3.02,5.08,9.63,41.26
23.5,2.87,5.36,8.53,40.26
19.27,7.53,7.87,32.69,67.36
84.25,8.33,11.52,67.27,171.37
85.68,7.73,13.92,42.73,150.06
57.86,4.67,10.1,21.91,94.54
34.29,4.58,7.86,16.66,63.39
31.04,4.18,6.95,14.05,56.22
24.64,3.37,3.7,10.55,42.26
18.91,3.7800000000000002,6.06,9.34,38.09
17.85,3.69,5.39,8.98,35.91
16.52,3.83,4.88,7.89,33.12
22.37,7.51,12.49,10.22,52.59
49.98,7.15,16.23,15.01,88.37
39.95,4.25,10.14,11.44,65.78
31.07,4.09,10.05,10.01,55.22
50.15,4.97,14.49,17.56,87.17
41.26,3.67,10.29,12.33,67.55
31.95,3.47,9.5,12.35,57.27
31.0,2.83,7.77,9.1,50.7
28.73,2.79,6.91,8.04,46.47
22.7,3.0,6.04,6.99,38.73
24.49,3.13,5.89,6.1,39.61
20.07,3.25,5.88,5.8,35.0
19.11,3.35,5.31,5.5,33.27
8.8,4.29,4.93,5.2,23.22
13.07,5.04,6.97,4.95,30.03
14.51,5.18,7.4,4.7,31.79
13.8,5.14,7.99,4.45,31.38
19.33,5.29,-99.0,4.21,28.83
15.54,6.22,-99.0,3.9699999999999998,25.73
13.32,5.94,-99.0,3.7199999999999998,22.98
7.28,6.67,-99.0,3.48,17.43
4.16,5.8,-99.0,3.23,13.19
5.3,4.63,-99.0,3.23,13.16
8.62,4.13,-99.0,3.52,16.27
13.98,3.64,-99.0,4.09,21.71
18.04,3.24,-99.0,4.66,25.94
18.5,3.08,-99.0,4.66,26.24
17.41,3.2,-99.0,4.09,24.7
14.45,3.1,-99.0,3.9,21.45
11.18,2.88,-99.0,3.7,17.76
9.86,2.71,-99.0,3.52,16.09
10.63,2.48,-99.0,3.51,16.62
9.91,2.41,-99.0,3.5,15.82
10.06,2.54,-99.0,3.49,16.09
11.79,2.5,-99.0,3.48,17.77
10.88,2.6,-99.0,3.47,16.95
10.82,2.7,-99.0,3.29,16.81
10.83,2.35,-99.0,3.17,16.35
10.92,2.06,-99.0,3.06,16.04
10.93,1.85,-99.0,2.95,15.73
10.9,1.69,-99.0,2.83,15.42
11.5,1.6099999999999999,-99.0,2.31,15.42
10.61,1.5899999999999999,-99.0,1.9300000000000002,14.13
11.31,1.57,-99.0,1.96,14.84
12.17,1.52,-99.0,2.13,15.82
12.44,1.45,-99.0,1.96,15.85
11.85,1.38,-99.0,1.94,15.17
11.65,1.33,-99.0,2.14,15.12
7.11,1.31,5.16,2.33,15.91
8.31,1.23,4.32,2.5,16.36
8.1,1.2,4.38,2.33,16.01
8.28,1.2,4.14,2.19,15.81
8.42,1.16,3.56,2.15,15.29
8.54,1.1400000000000001,2.94,2.08,14.7
8.24,1.1400000000000001,2.79,2.06,14.23
8.18,1.1400000000000001,2.73,2.06,14.11
9.99,1.2,4.88,2.5,18.57
18.51,1.28,8.49,3.35,31.63
20.74,1.3599999999999999,6.01,2.69,30.8
18.01,1.51,4.96,2.76,27.24
19.93,1.56,5.88,3.74,31.11
19.94,1.6099999999999999,5.4,3.91,30.86
16.34,1.6099999999999999,6.36,3.76,28.07
13.53,1.47,7.94,3.27,26.21
16.31,1.4,4.52,3.33,25.56
15.81,1.4,4.14,3.46,24.81
17.18,1.4,4.29,3.66,26.53
20.75,1.4,4.5600000000000005,3.84,30.55
20.07,1.46,4.27,3.62,29.42
17.9,1.55,4.17,3.55,27.17
16.42,1.6,4.06,3.2,25.28
11.84,1.72,6.46,2.49,22.51
7.5,1.65,9.81,2.7,21.66
7.31,1.5899999999999999,10.0,2.94,21.84
11.62,1.49,5.96,2.79,21.86
14.77,1.46,3.8,3.07,23.1
14.83,1.46,3.62,2.94,22.85
14.78,1.6099999999999999,3.75,3.27,23.41
19.77,1.62,4.2,3.43,29.02
21.49,1.46,4.26,3.44,30.65
19.48,1.3599999999999999,4.13,3.16,28.13
17.4,1.31,4.04,2.96,25.71
16.14,1.26,3.84,2.74,23.98
14.91,1.26,3.66,2.61,22.44
14.41,1.25,3.58,2.5300000000000002,21.77
14.27,1.23,3.52,2.45,21.47
13.3,1.29,3.87,2.23,20.69
12.89,1.26,3.63,2.27,20.05
9.25,-99.0,7.01,1.85,18.11
7.82,-99.0,10.08,1.8,19.7
3.32,-99.0,12.7,1.92,17.94
0.37,-99.0,15.89,1.9,18.16
-3.5700000000000003,-99.0,18.49,1.9300000000000002,16.85
-9.54,-99.0,25.15,1.6400000000000001,17.25
-15.81,-99.0,30.47,1.63,16.29
-11.85,-99.0,26.99,1.8900000000000001,17.03
-10.85,-99.0,25.46,1.79,16.4
9.96,-99.0,4.21,1.82,15.99
11.01,-99.0,2.67,1.88,15.56
10.71,-99.0,2.52,1.8900000000000001,15.12
10.49,-99.0,2.44,1.9100000000000001,14.84
10.13,-99.0,2.45,1.8,14.38
10.03,-99.0,2.39,1.75,14.17
9.77,-99.0,2.37,1.6800000000000002,13.82
8.96,-99.0,2.73,1.52,13.21
9.53,-99.0,2.44,1.51,13.48
9.6,-99.0,2.44,1.7000000000000002,13.74
9.42,-99.0,2.46,1.9100000000000001,13.79
9.83,-99.0,2.48,1.72,14.03
9.05,-99.0,2.66,2.27,13.98
9.08,-99.0,2.5,2.2800000000000002,13.86
7.96,-99.0,3.5300000000000002,2.18,13.67
5.37,-99.0,5.71,2.27,13.35
9.51,-99.0,2.62,2.29,14.42
9.28,-99.0,2.4,2.23,13.91
9.14,-99.0,2.35,2.09,13.58
9.01,-99.0,2.32,2.05,13.38
8.71,-99.0,2.36,2.05,13.12
9.67,-99.0,2.67,2.14,14.48
10.24,-99.0,2.73,2.13,15.1
13.18,-99.0,4.1,3.06,20.34
18.39,-99.0,4.61,3.37,26.37
20.26,-99.0,4.82,2.86,27.94
18.72,-99.0,4.64,2.62,25.98
17.09,-99.0,4.4,2.4,23.89
15.36,-99.0,4.22,2.23,21.81
14.45,-99.0,4.28,2.21,20.94
13.84,-99.0,3.81,2.09,19.74
12.96,-99.0,3.49,2.01,18.46
13.08,-99.0,3.48,2.13,18.69
15.65,-99.0,4.13,2.64,22.42
20.82,-99.0,5.03,2.81,28.66
22.91,-99.0,5.16,2.7199999999999998,30.79
21.64,-99.0,4.9,2.42,28.96
19.32,-99.0,4.6,2.19,26.11
17.06,-99.0,4.22,2.16,23.44
15.56,-99.0,3.9699999999999998,2.09,21.62
14.48,-99.0,3.8,2.09,20.37
12.86,1.09,3.68,2.05,19.68
13.58,1.13,3.93,2.11,20.75
16.42,1.16,4.66,2.5,24.74
19.73,1.21,5.15,2.63,28.72
21.94,1.25,5.57,2.8,31.56
23.44,1.24,6.07,3.01,33.76
23.36,1.21,5.88,2.87,33.32
21.89,1.2,5.55,2.87,31.51
21.75,1.2,5.65,3.04,31.64
24.76,1.25,6.74,3.95,36.7
33.69,1.45,9.03,5.51,49.68
41.12,1.9300000000000002,12.78,8.27,64.1
66.84,3.03,19.38,12.95,102.2
93.76,5.01,26.41,17.32,142.5
112.54,30.92,39.73,25.38,208.57
183.33,10.35,54.52,33.01,281.21
208.7,11.29,72.55,39.43,331.97
218.62,10.35,79.03,41.52,349.52
170.52,7.78,63.98,39.97,282.25
142.35,7.13,51.81,38.24,239.53
104.78,5.98,40.36,31.01,182.13
108.15,7.14,43.67,30.81,189.77
198.74,16.21,84.39,58.63,357.97
340.87,22.54,140.99,99.8,604.2
448.6,24.9,164.33,123.14,760.97
429.48,24.58,135.31,134.16,723.53
375.16,23.56,116.78,133.3,648.8
267.12,18.09,80.27,117.33,482.81
229.53,15.13,71.43,103.06,419.15
206.61,14.26,65.88,96.23,382.98
214.12,15.52,66.98,95.28,391.9
225.9,15.95,70.14,101.44,413.43
273.6,19.11,88.7,119.79,501.2
327.95,20.12,86.19,128.69,562.95
230.07,14.28,57.59,100.82,402.76
137.77,10.24,37.91,68.06,253.98
141.9,12.34,48.42,66.94,269.6
195.39,16.1,63.31,90.24,365.04
222.38,16.94,63.47,102.86,405.65
241.03,20.47,68.42,117.62,447.54
363.88,29.02,90.87,144.88,628.65
451.73,25.83,84.22,151.15,712.93
242.55,19.39,49.35,120.61,431.9
170.3,15.05,37.63,95.29,318.27
136.52,11.66,29.36,72.24,249.78
108.52,11.14,26.6,60.57,206.83
122.67,11.61,35.93,59.33,229.54
109.15,12.23,31.57,64.45,217.4
147.04,12.37,37.29,70.69,267.39
102.61,9.2,24.22,49.42,185.45
80.16,8.58,20.46,41.16,150.36
88.22,13.01,23.5,60.79,185.52
116.18,11.85,25.2,60.75,213.98
112.35,10.15,29.13,57.29,208.92
89.77,7.54,18.61,42.95,158.87
75.72,6.97,18.39,35.82,136.9
64.93,9.43,18.84,38.75,131.95
91.55,8.8,20.52,42.51,163.38
64.9,5.9,13.86,30.5,115.16
47.86,4.97,10.62,25.58,89.03
38.12,5.69,10.17,24.7,78.68
48.9,6.78,12.08,27.52,95.28
54.27,6.6,11.86,30.37,103.1
48.89,6.65,11.22,27.5,94.26
50.81,10.92,14.67,37.14,113.54
96.89,11.33,17.69,47.86,173.77
80.66,7.78,13.18,39.29,140.91
62.11,8.4,13.3,38.86,122.67
76.8,7.13,15.57,35.56,135.06
49.32,5.29,10.19,24.85,89.65
49.72,6.84,13.08,26.17,95.81
58.82,6.13,13.8,24.44,103.19
42.87,6.54,10.52,21.81,81.74
51.87,8.49,12.91,27.58,100.85
66.79,7.95,12.87,30.23,117.84
48.46,10.18,11.63,35.11,105.38
130.96,14.76,23.62,52.65,221.99
158.62,15.17,33.33,71.76,278.88
172.02,14.31,31.81,68.26,286.4
101.63,9.53,19.06,43.26,173.48
74.91,8.45,15.22,34.79,133.37
128.92,12.83,36.59,59.76,238.1
238.9,17.09,55.11,67.98,379.08
139.85,15.63,28.92,44.45,228.85
98.7,12.54,20.85,38.12,170.21
83.8,11.11,17.93,34.46,147.3
69.56,13.41,18.89,31.34,133.2
89.34,15.36,23.34,40.76,168.8
67.92,9.37,14.77,29.64,121.7
46.57,6.9,10.47,21.59,85.53
34.82,6.67,8.86,17.69,68.04
114.54,14.1,45.09,50.13,223.86
118.19,13.57,30.26,38.73,200.75
90.47,9.73,21.04,27.84,149.08
53.17,6.98,13.26,19.84,93.25
39.97,6.69,11.1,17.81,75.57
35.61,7.46,10.32,21.32,74.71
70.89,9.37,11.68,26.67,118.61
182.88,16.9,35.94,75.52,311.24
126.26,10.48,27.35,39.24,203.33
87.28,11.53,22.99,29.62,151.42
99.43,11.56,23.09,36.71,170.79
71.08,8.03,16.24,24.81,120.16
55.99,8.29,15.61,22.34,102.23
127.81,11.28,18.2,62.62,219.91
85.26,7.1,13.06,30.38,135.8
45.3,5.41,9.19,19.56,79.46
31.49,4.99,7.79,15.43,59.7
29.67,5.79,8.02,15.66,59.14
38.83,5.96,9.03,18.27,72.09
32.29,4.47,7.35,13.79,57.9
28.22,3.65,5.65,10.37,47.89
24.83,3.16,4.75,8.57,41.31
21.05,2.7800000000000002,4.1,7.1,35.03
18.79,2.56,3.76,6.13,31.24
16.47,2.47,3.47,5.61,28.02
15.95,2.37,3.39,5.31,27.02
17.4,-99.0,3.32,4.71,25.43
19.09,-99.0,4.17,4.74,28.0
27.47,-99.0,7.2,6.15,40.82
41.89,-99.0,5.39,8.43,55.71
30.52,-99.0,6.09,8.91,45.52
126.06,-99.0,24.41,41.92,192.39
301.68,-99.0,31.94,108.12,441.74
204.59,-99.0,16.23,60.37,281.19
84.22,-99.0,9.37,27.34,120.93
55.92,-99.0,10.4,26.95,93.27
93.45,-99.0,13.07,30.22,136.74
60.74,-99.0,9.02,19.26,89.02
41.27,-99.0,6.49,13.9,61.66
70.22,-99.0,18.05,23.17,111.44
124.81,-99.0,21.44,25.79,172.04
79.07,-99.0,36.96,21.14,137.17
89.96,-99.0,31.14,20.75,141.85
152.41,-99.0,33.64,22.09,208.14
71.71,-99.0,16.42,14.94,103.07
57.46,-99.0,16.44,14.96,88.86
72.96,-99.0,16.69,18.44,108.09
67.58,-99.0,15.54,16.31,99.43
80.7,-99.0,20.23,23.31,124.24
77.55,-99.0,17.53,18.88,113.96
55.5,-99.0,11.65,13.73,80.88
39.33,-99.0,8.52,10.37,58.22
32.81,-99.0,6.94,8.44,48.19
28.39,-99.0,5.85,7.31,41.55
30.88,-99.0,9.93,8.76,49.57
60.47,-99.0,15.63,9.32,85.42
36.97,-99.0,9.28,7.82,54.07
71.26,-99.0,30.52,15.86,117.64
64.0,8.91,19.84,15.87,108.62
54.63,8.35,18.48,12.31,93.77
54.01,7.59,14.9,12.05,88.55
39.56,5.83,10.65,9.88,65.92
31.91,4.84,8.54,8.21,53.5
26.52,4.55,7.95,11.63,50.65
26.78,3.79,6.37,8.02,44.96
26.25,4.73,8.18,9.85,49.01
34.17,4.01,7.6,11.26,57.04
30.73,3.9699999999999998,6.63,11.45,52.78
29.7,3.5,5.8,8.47,47.47
24.34,3.16,5.01,6.71,39.22
20.97,2.99,4.35,5.76,34.07
17.94,3.58,4.07,5.63,31.22
21.06,5.36,5.88,18.27,50.57
32.56,3.74,4.83,12.63,53.76
24.66,3.25,4.14,8.45,40.5
20.24,2.93,3.75,6.68,33.6
17.27,2.67,3.43,5.59,28.96
14.96,2.52,2.92,4.96,25.36
13.77,2.5,2.8200000000000003,4.66,23.75
13.06,2.43,2.83,4.51,22.83
12.6,2.36,2.77,4.2,21.93
12.36,2.32,2.69,3.96,21.33
12.31,2.25,2.59,3.69,20.84
11.92,2.18,2.51,3.51,20.12
11.73,2.17,2.54,3.4,19.84
12.03,2.11,2.59,3.37,20.1
10.81,2.07,2.45,3.29,18.62
9.92,2.01,2.32,3.07,17.32
10.31,2.45,2.63,3.02,18.41
13.32,2.2800000000000002,2.83,3.29,21.72
11.45,2.13,2.47,3.04,19.09
9.91,2.05,2.32,2.81,17.09
8.96,2.0,2.24,2.7,15.9
8.69,2.0,2.21,2.71,15.61
8.09,1.97,2.12,3.05,15.23
7.75,2.18,2.03,2.99,14.95
8.16,2.7800000000000002,2.02,3.2,16.16
9.61,4.31,2.07,4.28,20.27
13.16,3.89,2.34,5.02,24.41
13.9,2.98,2.2,4.7,23.78
11.94,2.69,2.05,4.13,20.81
10.49,2.55,1.96,3.7800000000000002,18.78
10.28,2.5,2.02,3.79,18.59
10.51,2.37,2.1,3.58,18.56
9.75,2.25,2.09,3.47,17.56
8.15,2.19,1.9300000000000002,3.37,15.64
7.11,2.2,1.8399999999999999,3.29,14.44
6.51,3.47,2.8200000000000003,11.11,23.91
24.53,2.75,3.32,8.83,39.43
15.99,2.5700000000000003,2.5700000000000003,6.62,27.75
12.11,3.43,2.51,10.1,28.15
27.21,3.12,2.59,10.14,43.06
20.91,2.26,2.32,6.73,32.22
11.98,2.22,1.71,5.3,21.21
9.17,2.06,1.9,5.05,18.18
8.66,2.26,1.74,4.04,16.7
5.96,2.41,1.77,4.49,14.63
9.91,2.58,2.06,7.34,21.89
11.97,2.4,2.04,6.93,23.34
11.2,2.27,1.54,6.05,21.06
10.01,2.25,1.9300000000000002,5.64,19.83
9.54,2.16,1.3599999999999999,5.74,18.8
9.45,2.07,1.55,4.88,17.95
6.71,1.92,1.4,4.01,14.04
5.72,2.59,1.9100000000000001,4.94,15.16
8.9,2.35,1.6800000000000002,6.62,19.55
8.79,2.22,1.57,6.54,19.12
7.3,2.1,1.21,6.09,16.7
6.16,2.12,2.37,5.55,16.2
7.92,2.31,2.09,6.2,18.52
8.69,1.92,1.37,5.14,17.12
1.22,2.08,1.5899999999999999,3.13,8.02
-2.83,2.35,2.37,2.96,4.85
-0.8300000000000001,2.52,3.79,3.63,9.11
7.0,2.13,3.68,3.99,16.8
3.43,1.9300000000000002,3.44,3.55,12.35
3.29,2.08,3.01,3.7,12.08
5.23,1.97,1.82,3.7,12.72
4.24,1.76,1.34,2.7,10.04
1.9100000000000001,1.99,1.25,2.94,8.09
3.06,1.9300000000000002,1.19,2.95,9.13
2.42,2.07,1.2,3.5300000000000002,9.22
2.87,1.8399999999999999,1.13,3.63,9.47
2.5300000000000002,1.8399999999999999,1.03,3.45,8.85
2.64,1.72,1.01,2.79,8.16
-0.43,1.74,1.26,2.26,4.83
2.5300000000000002,2.34,2.35,4.13,11.35
8.48,2.22,2.2,5.16,18.06
7.55,2.44,1.44,4.85,16.28
9.43,2.22,1.79,5.49,18.93
8.07,1.85,1.42,3.94,15.28
4.91,1.8599999999999999,1.26,3.9,11.93
1.03,3.43,1.8399999999999999,12.27,18.57
22.09,2.89,2.16,13.83,40.97
14.99,2.44,1.54,8.86,27.83
10.52,2.21,1.62,7.05,21.4
7.01,1.94,1.85,5.92,16.72
5.19,1.92,2.73,4.8100000000000005,14.65
3.2800000000000002,1.73,3.24,3.71,11.96
-0.58,1.9,3.44,4.54,9.3
2.68,1.73,3.83,4.89,13.13
-0.75,1.77,3.76,3.96,8.74
-1.78,2.17,4.63,4.13,9.15
3.4,2.04,2.95,3.79,12.18
1.11,1.77,1.6400000000000001,2.05,6.57
-2.33,2.26,1.53,1.67,3.13
-3.71,2.92,2.59,1.67,3.47
-4.52,3.39,4.26,1.67,4.8
-3.73,3.23,5.38,2.15,7.03
-3.2800000000000002,2.81,5.45,2.5,7.48
-1.58,2.49,5.32,2.2,8.43
-0.96,2.24,5.03,2.1,8.41
-0.71,2.18,4.91,2.0,8.38
-1.05,2.01,4.5600000000000005,1.9,7.42
-0.32,1.8,4.12,1.8,7.4
0.61,1.87,3.22,1.7000000000000002,7.4
2.02,1.9300000000000002,1.85,1.6,7.4
3.23,1.7000000000000002,0.97,1.5,7.4
3.43,1.6800000000000002,0.81,1.48,7.4
3.45,1.65,0.77,1.47,7.34
3.54,1.56,0.73,1.45,7.28
3.55,1.54,0.7000000000000001,1.43,7.22
3.48,1.53,0.73,1.4100000000000001,7.15
3.51,1.48,0.81,1.4,7.2
3.49,1.46,0.81,1.38,7.14
3.31,1.4100000000000001,0.8,1.3599999999999999,6.88
3.26,1.4,0.8,1.34,6.8
3.37,1.4,0.8,1.32,6.89
3.19,1.44,0.86,1.31,6.8
2.88,1.6099999999999999,1.06,1.3,6.85
2.99,1.6800000000000002,1.06,1.3,7.03
3.11,1.58,1.05,1.3,7.04
3.22,1.48,1.12,1.29,7.11
3.29,1.43,1.15,1.29,7.16
3.38,1.3900000000000001,1.1400000000000001,1.28,7.19
3.11,1.33,1.15,1.28,6.87
3.02,1.33,1.04,1.28,6.67
3.19,1.31,0.88,1.27,6.65
3.13,1.27,0.84,1.25,6.49
3.37,1.26,0.8300000000000001,1.19,6.65
3.94,1.26,0.85,1.12,7.17
4.09,1.26,0.92,1.09,7.36
3.95,1.25,0.92,1.06,7.18
4.01,1.21,0.87,1.1,7.19
4.03,1.2,0.9,1.12,7.25
4.05,1.2,0.92,1.03,7.2
3.96,1.2,0.96,0.99,7.11
3.9699999999999998,1.19,0.81,0.97,6.94
3.92,1.18,0.81,0.97,6.88
4.04,1.2,0.8300000000000001,0.9400000000000001,7.01
4.04,1.2,0.86,0.91,7.01
4.4,1.16,0.9,0.88,7.34
4.22,1.1400000000000001,0.92,0.85,7.13
3.61,1.09,0.8300000000000001,0.8200000000000001,6.35
3.34,1.07,0.8200000000000001,0.8,6.03
3.05,1.07,0.85,0.77,5.74
2.99,1.06,0.85,0.74,5.64
2.86,1.06,0.88,0.71,5.51
2.8200000000000003,1.03,0.93,0.68,5.46
2.99,1.02,0.85,0.65,5.51
3.09,1.02,0.76,0.67,5.54
3.22,1.02,0.88,0.68,5.8
4.41,1.05,0.86,0.6900000000000001,7.01
3.89,1.06,0.86,0.7000000000000001,6.51
3.71,1.02,0.85,0.75,6.33
4.47,1.07,0.99,0.74,7.27
5.04,1.07,1.5,0.75,8.36
4.12,1.1400000000000001,1.9100000000000001,0.75,7.92
4.74,1.2,1.38,0.79,8.11
3.86,1.23,1.48,0.9,7.47
3.7800000000000002,1.27,1.35,0.97,7.37
3.8200000000000003,1.3,1.28,1.05,7.45
3.67,1.31,1.24,1.02,7.24
3.99,1.26,1.21,0.9500000000000001,7.41
3.9699999999999998,1.21,1.34,0.89,7.41
3.76,1.2,1.47,0.87,7.3
4.0,1.16,1.51,0.8200000000000001,7.49
3.95,1.1400000000000001,1.51,0.97,7.57
3.87,1.1400000000000001,1.48,0.98,7.47
3.43,1.13,1.48,0.87,6.91
3.37,1.08,1.48,0.76,6.69
3.44,1.08,1.46,0.65,6.63
3.37,1.07,1.44,0.8200000000000001,6.7
3.31,1.06,1.51,0.99,6.87
3.56,1.07,1.32,1.18,7.13
3.29,1.03,1.1,1.21,6.63
3.51,1.02,0.9500000000000001,1.2,6.68
3.58,1.02,0.9,1.15,6.65
3.85,1.02,0.89,1.1,6.86
3.84,1.02,0.9500000000000001,1.13,6.94
3.81,1.02,0.92,1.1400000000000001,6.89
3.83,1.02,0.89,1.1400000000000001,6.88
3.7800000000000002,1.02,0.88,1.12,6.8
3.77,1.02,0.9,1.01,6.7
3.77,1.02,0.9400000000000001,0.85,6.58
3.62,1.02,0.9400000000000001,0.84,6.42
3.58,1.02,0.9,0.8300000000000001,6.33
3.61,1.01,0.86,0.8200000000000001,6.3
3.49,1.02,0.85,0.81,6.17
3.51,0.99,0.84,0.81,6.15
3.54,0.97,0.8300000000000001,0.8,6.14
3.54,0.97,0.8200000000000001,0.79,6.12
3.52,0.97,0.8,0.78,6.07
3.49,0.97,0.8,0.77,6.03
3.61,0.97,0.8,0.76,6.14
3.31,0.97,0.8,0.75,5.83
3.17,0.96,0.8,0.75,5.68
3.27,0.96,0.79,0.74,5.76
3.49,0.9400000000000001,0.86,0.73,6.02
3.7199999999999998,0.97,1.01,0.72,6.42
3.94,1.02,1.34,0.8200000000000001,7.12
4.13,1.18,2.29,1.0,8.6
6.61,1.13,2.83,1.29,11.86
9.12,1.28,4.34,2.84,17.58
13.02,1.18,2.34,2.21,18.75
12.1,1.1400000000000001,2.13,1.8399999999999999,17.21
12.34,1.1400000000000001,2.38,1.76,17.62
11.95,1.1400000000000001,2.26,1.72,17.07
10.52,1.15,2.16,1.6400000000000001,15.47
9.46,1.13,1.77,1.5,13.86
7.63,1.08,1.6400000000000001,1.34,11.69
6.4,1.1,1.7000000000000002,1.25,10.45
5.77,1.08,1.6400000000000001,1.26,9.75
6.35,1.09,1.94,1.4,10.78
6.13,1.11,1.79,1.4,10.43
5.7,1.1,1.65,1.3599999999999999,9.81
5.42,1.09,1.63,1.34,9.48
5.16,1.09,1.7000000000000002,1.3599999999999999,9.31
5.11,1.09,1.77,1.45,9.42
5.9,1.15,2.21,1.5,10.76
8.11,1.26,2.83,1.9,14.1
12.23,1.56,3.65,2.34,19.78
16.52,4.87,6.73,6.02,34.14
29.76,10.82,10.09,12.03,62.7
61.23,9.47,16.86,19.58,107.14
88.36,7.34,25.47,21.12,142.29
79.21,5.95,27.39,18.21,130.76
90.08,5.86,33.93,19.32,149.19
86.31,5.58,33.01,20.25,145.15
82.22,6.1,35.32,22.02,145.66
150.92,9.02,59.36,32.42,251.72
108.55,6.02,38.83,26.59,179.99
57.89,4.06,22.5,18.4,102.85
42.69,3.96,20.05,16.81,83.51
61.86,6.79,32.18,23.63,124.46
106.16,10.53,47.44,40.17,204.3
140.82,13.02,55.7,57.69,267.23
144.7,14.07,54.31,70.61,283.69
141.53,17.05,52.57,78.66,289.81
162.4,21.07,59.28,98.2,340.95
176.66,19.44,49.98,99.29,345.37
126.21,14.17,32.08,74.66,247.12
91.44,12.85,27.47,58.72,190.48
102.54,17.4,33.08,71.5,224.52
141.7,21.31,37.6,83.37,283.98
159.83,23.12,45.58,79.74,308.27
195.12,26.15,48.93,99.13,369.33
157.67,15.72,33.58,70.65,277.62
94.74,9.92,21.08,42.97,168.71
63.73,10.26,17.93,39.22,131.14
103.32,14.34,27.73,59.56,204.95
125.15,12.59,28.62,49.16,215.52
97.22,9.36,22.52,38.71,167.81
77.91,10.47,19.51,35.64,143.53
121.38,17.63,30.02,67.44,236.47
156.61,17.22,30.14,63.22,267.19
103.99,15.25,22.24,45.65,187.13
94.9,15.32,21.11,43.87,175.2
91.86,15.44,20.02,45.73,173.05
91.56,13.54,18.42,43.28,166.8
78.26,10.56,15.28,35.56,139.66
64.67,9.58,12.99,31.25,118.49
60.44,8.98,12.35,28.53,110.3
50.9,9.87,11.44,26.57,98.78
53.36,14.73,13.97,38.33,120.39
132.21,19.25,22.36,73.72,247.54
119.62,17.71,27.07,66.91,231.31
136.63,13.22,21.85,72.85,244.55
82.67,9.52,13.14,41.18,146.51
57.05,8.8,11.02,31.84,108.71
68.6,8.64,11.14,37.7,126.08
82.05,8.74,10.08,36.74,137.61
64.25,9.07,10.12,31.47,114.91
61.64,12.01,11.58,39.98,125.21
83.07,12.39,13.56,37.15,146.17
65.61,11.24,11.8,29.51,118.16
56.9,10.21,10.65,26.88,104.64
48.45,12.75,9.78,26.55,97.53
67.25,17.48,13.82,35.84,134.39
84.58,14.47,13.73,35.8,148.58
62.14,10.26,9.56,25.16,107.12
42.98,9.99,7.77,20.95,81.69
43.15,9.32,7.86,19.56,79.89
37.25,8.69,6.98,17.19,70.11
35.12,8.22,6.28,15.7,65.32
30.57,8.05,5.71,13.89,58.22
31.1,8.15,5.61,12.84,57.7
30.5,7.69,5.93,13.4,57.52
30.89,6.82,5.37,11.89,54.97
12.95,12.7,12.69,58.28,96.62
148.85,10.76,14.23,63.63,237.47
60.77,8.68,8.65,38.41,116.51
60.09,9.66,8.24,34.05,112.04
68.54,9.86,8.58,31.69,118.67
44.53,6.95,5.9,19.75,77.13
28.39,6.8,4.69,17.88,57.76
32.23,6.6,4.39,21.03,64.25
28.48,6.37,4.25,14.82,53.92
101.05,14.54,26.62,32.47,174.68
94.57,11.17,13.11,24.68,143.53
46.81,7.01,7.42,16.81,78.05
32.55,5.47,6.85,13.09,57.96
29.79,6.98,14.01,15.64,66.42
34.44,8.17,16.89,24.06,83.56
108.84,9.59,30.41,41.39,190.23
60.33,7.57,16.26,21.01,105.17
39.07,6.23,11.81,15.76,72.87
36.36,10.17,17.86,28.85,93.24
299.85,23.13,71.52,100.04,494.54
160.19,12.17,26.71,47.09,246.16
82.05,9.68,14.92,26.59,133.24
47.64,7.42,10.83,20.88,86.77
41.6,5.9,9.68,17.78,74.96
31.32,4.55,6.72,12.48,55.07
29.69,4.16,5.92,11.36,51.13
28.63,3.63,5.34,9.43,47.03
23.99,3.31,4.48,7.94,39.72
21.19,3.18,3.91,6.91,35.19
21.62,3.01,4.18,7.17,35.98
19.5,3.21,3.8,7.5,34.01
22.53,4.09,4.83,11.38,42.83
36.08,3.61,6.31,15.25,61.25
29.69,2.88,4.11,8.84,45.52
20.0,2.89,3.83,11.59,38.31
102.59,17.88,44.71,65.47,230.65
336.62,15.79,53.36,93.19,498.96
116.6,12.92,21.65,49.24,200.41
102.87,9.11,16.44,36.76,165.18
54.61,7.1,11.62,26.04,99.37
81.39,8.58,13.5,28.05,131.52
58.46,7.05,10.55,20.2,96.26
49.1,6.4,9.46,18.77,83.73
62.45,5.17,10.06,21.41,99.09
55.56,5.65,10.63,21.31,93.15
49.98,4.5,8.84,16.05,79.37
36.33,3.76,7.02,12.06,59.17
30.31,3.94,6.36,9.89,50.5
25.99,3.35,5.38,9.84,44.56
24.2,3.0,4.6,8.91,40.71
21.03,2.62,3.9,7.11,34.66
32.83,5.59,11.37,17.03,66.82
38.9,3.56,7.9,11.79,62.15
26.28,2.94,5.31,8.52,43.05
20.57,2.93,4.29,6.83,34.62
21.61,3.02,4.44,5.94,35.01
15.93,3.83,4.72,8.24,32.72
34.6,6.31,21.36,17.49,79.76
61.94,7.61,20.19,25.92,115.66
61.56,5.47,14.22,23.16,104.41
37.09,4.04,8.7,13.99,63.82
28.42,3.58,6.78,10.59,49.37
21.72,6.22,11.29,16.37,55.6
82.32,6.34,16.62,27.26,132.54
41.88,4.32,9.09,15.16,70.45
30.74,3.91,7.42,11.27,53.34
28.09,3.65,7.15,9.46,48.35
24.08,3.46,6.42,8.76,42.72
24.39,3.26,8.28,8.32,44.25
24.75,3.08,8.34,9.99,46.16
30.32,15.08,18.67,17.47,81.54
395.93,53.91,137.8,74.84,662.48
147.45,14.28,36.02,38.12,235.87
75.14,9.07,18.97,25.17,128.35
47.0,7.62,13.1,19.69,87.41
116.04,18.42,59.34,31.36,225.16
128.96,11.18,32.48,30.23,202.85
63.64,7.64,17.45,20.35,109.08
44.58,6.15,12.38,15.43,78.54
35.85,5.22,10.0,12.64,63.71
30.64,4.61,8.5,10.86,54.61
28.87,4.12,7.55,9.65,50.19
25.65,3.81,6.66,8.51,44.63
23.63,3.5300000000000002,6.16,7.98,41.3
22.04,3.23,5.53,7.18,37.98
20.34,3.02,5.1,6.5,34.96
19.05,2.98,4.75,5.94,32.72
18.54,2.84,4.68,5.5600000000000005,31.62
17.83,3.07,4.63,5.37,30.9
20.33,3.69,6.31,6.67,37.0
27.9,3.47,7.6,7.78,46.75
25.21,3.35,6.07,7.37,42.0
24.96,4.92,6.8100000000000005,12.76,49.45
47.64,6.07,8.88,34.84,97.43
42.86,4.14,6.88,17.75,71.63
30.25,3.56,5.68,12.85,52.34
26.68,3.36,5.13,11.23,46.4
25.24,4.28,8.13,12.35,50.0
28.89,3.98,8.48,15.68,57.03
29.25,3.9699999999999998,7.34,19.88,60.44
29.21,3.47,6.34,16.09,55.11
24.75,3.66,5.95,13.1,47.46
51.36,6.84,18.81,28.47,105.48
44.13,5.75,11.95,21.23,83.06
39.02,4.87,10.22,18.56,72.67
31.83,3.99,7.93,14.15,57.9
27.52,3.59,6.69,11.7,49.5
24.98,3.35,6.17,10.45,44.95
24.51,4.2,6.6,10.45,45.76
24.81,3.37,5.78,9.24,43.2
21.42,2.92,4.89,7.9,37.13
18.96,2.74,4.24,6.96,32.9
18.0,2.54,4.03,6.27,30.84
18.12,2.49,4.66,6.16,31.43
14.61,1.98,2.88,4.57,24.04
11.18,1.9100000000000001,3.38,4.41,20.88
12.96,2.2,3.8,4.43,23.39
13.83,2.73,4.51,5.58,26.65
27.25,5.1,8.49,17.43,58.27
43.22,4.13,8.71,13.75,69.81
40.12,3.63,9.72,11.63,65.1
38.02,3.38,10.07,10.27,61.74
33.31,2.98,8.42,9.33,54.04
32.64,2.55,7.84,8.45,51.48
30.6,4.63,12.07,10.47,57.77
118.31,7.6,37.73,26.15,189.79
125.9,6.22,36.98,26.72,195.82
65.45,4.31,19.3,17.28,106.34
44.43,3.71,13.03,13.57,74.74
37.72,3.44,11.48,11.87,64.51
31.46,3.23,8.77,10.05,53.51
25.88,3.24,7.78,9.6,46.5
28.32,3.98,11.74,9.77,53.81
59.32,3.95,19.5,11.97,94.74
43.36,3.5,13.77,10.69,71.32
38.3,3.51,13.05,10.68,65.54
33.12,3.36,11.64,10.26,58.38
62.2,6.92,26.63,16.98,112.73
80.61,4.66,25.65,16.21,127.13
75.97,4.46,31.2,17.92,129.55
108.78,4.13,42.58,19.61,175.1
92.34,3.81,31.66,17.27,145.08
77.41,3.65,25.16,17.15,123.37
57.37,3.33,19.06,14.56,94.32
46.51,3.03,14.55,12.06,76.15
38.03,3.01,12.24,9.69,62.97
31.58,3.12,11.96,9.72,56.38
31.52,2.86,10.97,9.72,55.07
34.05,2.7,10.59,9.4,56.74
31.06,2.45,8.34,8.03,49.88
27.42,2.6,8.24,7.44,45.7
24.63,2.64,7.49,7.17,41.93
25.57,2.6,7.88,6.94,42.99
26.14,2.43,7.41,6.16,42.14
23.81,2.42,6.71,5.7,38.64
19.46,2.43,6.25,5.68,33.82
20.57,2.2800000000000002,5.94,5.5600000000000005,34.35
19.43,2.19,5.68,5.2,32.5
20.71,2.15,5.67,5.31,33.84
15.6,2.21,5.08,4.51,27.4
13.43,2.34,6.8100000000000005,5.21,27.79
11.09,2.51,6.45,4.83,24.88
25.38,4.09,14.54,8.42,52.43
36.89,4.38,15.16,9.48,65.91
26.15,4.29,12.3,7.91,50.65
24.43,3.8200000000000003,11.73,8.43,48.41
29.69,4.32,11.7,11.9,57.61
43.43,4.39,14.26,14.09,76.17
38.23,3.35,11.86,12.06,65.5
48.31,4.55,15.63,14.77,83.26
94.68,4.36,26.35,18.2,143.59
78.66,3.47,19.63,12.98,114.74
38.95,3.67,14.32,10.56,67.5
31.43,3.68,12.76,10.3,58.17
26.3,3.51,10.78,7.0,47.59
23.0,3.5700000000000003,10.68,6.05,43.3
22.82,3.52,10.81,6.41,43.56
16.75,4.05,10.84,5.64,37.28
26.82,4.24,-99.0,4.89,35.95
18.57,6.44,-99.0,4.4,29.41
12.07,7.52,-99.0,3.92,23.51
12.23,6.46,-99.0,3.69,22.38
13.82,4.31,-99.0,3.46,21.59
13.85,2.81,-99.0,3.23,19.89
16.11,2.13,-99.0,3.23,21.47
18.12,1.9100000000000001,-99.0,3.23,23.26
17.75,1.73,-99.0,3.23,22.71
16.92,1.6400000000000001,-99.0,3.23,21.79
18.95,1.6,-99.0,3.23,23.78
18.28,1.54,-99.0,3.23,23.05
19.66,1.57,-99.0,3.23,24.46
18.65,1.62,-99.0,3.23,23.5
18.27,1.7000000000000002,-99.0,3.23,23.2
16.7,1.5899999999999999,-99.0,3.23,21.52
17.13,1.51,-99.0,3.23,21.87
16.98,1.44,-99.0,3.23,21.65
16.85,1.83,-99.0,3.23,21.91
20.8,2.11,-99.0,5.0,27.91
25.6,1.74,-99.0,4.64,31.98
21.7,1.58,-99.0,5.95,29.23
19.66,1.48,-99.0,4.94,26.08
18.25,1.46,-99.0,4.62,24.33
18.44,1.4100000000000001,-99.0,3.85,23.7
17.76,1.3599999999999999,-99.0,3.61,22.73
17.01,1.31,-99.0,3.71,22.03
14.57,1.33,-99.0,3.75,19.65
14.39,1.3599999999999999,-99.0,3.8,19.55
11.76,1.31,-99.0,3.87,16.94
12.12,1.26,-99.0,3.87,17.25
11.97,1.26,-99.0,3.83,17.06
9.99,1.24,-99.0,3.77,15.0
9.31,1.2,-99.0,3.76,14.27
11.37,1.2,-99.0,2.93,15.5
11.15,1.17,-99.0,2.5300000000000002,14.85
10.24,1.1400000000000001,-99.0,2.52,13.9
9.4,1.1400000000000001,-99.0,2.5300000000000002,13.07
10.16,1.1400000000000001,-99.0,2.87,14.17
11.07,1.1,-99.0,2.73,14.9
6.16,1.08,5.7,2.46,15.4
6.65,1.08,4.64,2.5300000000000002,14.9
6.91,1.07,4.65,2.43,15.06
7.66,1.05,3.38,2.2800000000000002,14.37
7.1,1.03,3.08,2.2800000000000002,13.49
6.14,1.02,2.8200000000000003,2.2800000000000002,12.26
5.27,1.02,3.13,2.25,11.67
5.37,1.02,2.89,2.25,11.53
6.09,1.02,2.66,2.25,12.02
6.39,1.01,2.43,2.25,12.08
5.87,1.0,2.33,2.25,11.45
5.89,0.99,2.39,2.22,11.49
6.02,1.02,2.76,1.9500000000000002,11.75
7.82,1.02,3.07,2.13,14.04
8.2,1.02,2.86,2.09,14.17
7.96,1.02,2.81,2.09,13.88
5.16,1.02,3.92,2.09,12.19
3.3,1.02,5.76,2.09,12.17
4.85,1.2,4.41,2.09,12.55
6.89,1.11,2.65,2.09,12.74
5.8,1.1400000000000001,2.7800000000000002,2.09,11.81
6.1,1.08,2.61,2.09,11.88
4.8,1.08,3.5300000000000002,2.09,11.5
3.89,1.03,4.42,2.09,11.43
5.05,1.02,3.18,2.09,11.34
5.6,0.97,2.41,2.09,11.07
5.22,0.98,2.39,2.09,10.68
4.86,1.02,2.51,2.09,10.48
5.01,1.02,2.43,2.09,10.55
5.27,1.02,2.46,2.09,10.84
4.8,1.02,2.81,2.09,10.72
2.62,1.02,4.23,2.09,9.96
5.3,1.04,3.02,2.09,11.45
5.4,1.08,2.43,2.09,11.0
5.25,1.08,2.43,2.08,10.84
4.94,1.08,2.42,2.08,10.52
4.95,1.04,2.35,2.06,10.4
5.1,1.02,2.32,2.06,10.5
2.48,1.0,3.63,2.06,9.17
0.87,0.97,5.13,2.06,9.03
0.47000000000000003,0.99,6.17,2.06,9.69
4.0,1.01,2.83,2.06,9.9
4.48,0.98,2.15,2.1,9.71
4.44,0.97,2.21,2.04,9.66
4.8,0.97,2.17,1.77,9.71
4.98,1.0,2.2,1.71,9.89
5.04,0.98,2.22,1.69,9.93
5.03,0.97,2.18,1.72,9.9
4.84,0.97,2.32,1.54,9.67
5.5,0.97,2.27,1.57,10.31
6.13,0.98,2.66,1.7000000000000002,11.47
7.19,0.97,2.79,1.74,12.69
7.75,1.3599999999999999,3.36,2.51,14.98
9.95,3.29,5.37,6.76,25.37
22.88,3.08,7.3,5.93,39.19
26.97,2.01,8.48,4.41,41.87
25.43,1.58,8.72,3.68,39.41
27.17,2.18,11.04,4.83,45.22
29.65,12.97,22.99,13.28,78.89
75.52,16.14,31.03,14.4,137.09
89.55,13.7,35.37,18.12,156.74
88.34,7.91,35.39,18.6,150.24
89.63,5.28,35.64,18.29,148.84
79.59,3.99,31.19,14.16,128.93
64.7,3.38,25.12,12.69,105.89
52.86,3.05,20.8,11.21,87.92
51.54,3.8,22.72,12.04,90.1
78.26,4.35,30.42,14.1,127.13
69.25,3.54,26.92,12.32,112.03
55.92,3.24,23.12,10.91,93.19
59.7,3.6,25.98,10.93,100.21
58.71,3.66,27.54,11.38,101.29
58.32,3.79,27.87,11.33,101.31
58.94,3.93,28.79,11.84,103.5
63.14,4.21,29.97,13.25,110.57
64.9,4.67,31.25,14.03,114.85
72.57,5.5600000000000005,34.1,17.36,129.59
143.1,11.64,70.81,30.7,256.25
214.74,14.23,86.55,46.39,361.91
208.01,15.17,88.99,58.27,370.44
214.72,18.45,89.91,74.54,397.62
267.41,19.81,91.42,91.72,470.36
239.39,17.39,71.01,89.09,416.88
205.66,13.77,56.23,78.08,353.74
135.8,10.34,38.73,57.75,242.62
138.32,10.19,40.88,55.44,244.83
173.86,13.55,52.99,68.9,309.3
206.18,14.03,53.85,85.36,359.42
166.16,12.24,40.25,78.03,296.68
129.98,10.48,33.39,67.83,241.68
106.52,9.0,27.59,56.47,199.58
96.49,8.22,25.43,48.63,178.77
96.86,9.92,27.65,52.68,187.11
129.34,11.57,33.0,65.12,239.03
112.14,11.75,30.92,64.12,218.93
118.47,15.96,39.55,80.68,254.66
210.89,24.21,58.86,117.53,411.49
330.64,32.46,73.58,146.01,582.69
298.97,21.75,45.28,140.5,506.5
182.73,19.48,34.34,124.99,361.54
215.55,22.23,41.03,126.4,405.21
211.44,20.13,48.14,114.86,394.57
180.36,17.4,43.72,100.83,342.31
113.94,11.48,25.68,66.61,217.71
80.86,10.01,19.55,49.51,159.93
77.86,11.82,20.94,53.18,163.8
102.2,17.3,26.04,76.25,221.79
152.73,21.12,36.24,99.93,310.02
215.52,24.57,46.77,117.17,404.03
187.79,21.38,36.26,103.02,348.45
162.2,18.03,35.05,106.29,321.57
121.71,14.18,22.89,81.36,240.14
91.83,12.18,16.7,68.11,188.82
100.1,15.5,21.5,76.91,214.01
105.8,12.43,19.29,68.62,206.14
87.39,11.2,15.83,54.51,168.93
105.91,11.79,20.59,53.75,192.04
90.69,8.42,18.43,40.56,158.1
65.53,7.66,13.67,35.79,122.65
51.43,8.7,12.65,35.99,108.77
64.73,9.47,13.43,38.27,125.9
62.63,8.68,12.82,36.43,120.56
58.75,7.64,11.37,32.93,110.69
51.35,6.82,9.13,27.91,95.21
41.0,7.22,8.64,23.78,80.64
41.82,6.79,8.68,21.98,79.27
38.29,7.22,7.74,22.2,75.45
41.28,6.82,8.05,21.71,77.86
37.59,7.78,9.23,24.84,79.44
51.25,6.26,9.35,22.58,89.44
47.98,6.57,7.8100000000000005,18.16,80.52
41.51,5.05,6.83,15.12,68.51
30.08,4.49,5.94,13.17,53.68
29.94,4.01,5.49,13.4,52.84
27.42,4.06,5.17,11.93,48.58
25.22,3.89,4.59,17.51,51.21
33.65,3.27,4.28,12.33,53.53
23.75,2.99,3.55,9.23,39.52
20.23,2.7800000000000002,3.5,8.11,34.62
20.16,3.55,3.5300000000000002,8.04,35.28
36.38,5.21,6.85,9.38,57.82
33.89,3.71,5.52,9.43,52.55
32.23,3.33,5.42,10.14,51.12
26.78,3.7199999999999998,4.96,9.5,44.96
45.24,5.38,16.19,15.33,82.14
59.26,5.93,15.95,22.96,104.1
41.51,4.42,8.56,15.61,70.1
33.56,3.7199999999999998,6.53,11.84,55.65
27.98,3.5700000000000003,5.19,9.52,46.26
22.73,3.07,4.38,8.37,38.55
18.86,2.65,3.69,7.25,32.45
14.13,4.61,5.78,7.8,32.32
25.06,7.61,15.89,13.43,61.99
96.95,8.52,35.71,22.98,164.16
49.99,4.78,16.28,15.31,86.36
32.13,3.8200000000000003,9.19,9.8,54.94
23.44,3.69,7.08,9.75,43.96
14.81,3.6,6.08,22.37,46.86
26.23,5.03,9.18,21.14,61.58
30.57,3.65,9.24,14.39,57.85
25.35,3.09,7.8100000000000005,10.07,46.32
21.74,3.35,9.19,9.57,43.85
21.7,3.11,6.72,9.06,40.59
9.67,3.81,5.47,16.36,35.31
37.15,7.98,8.67,14.88,68.68
36.45,12.22,6.75,12.69,68.11
69.76,10.87,7.59,19.02,107.24
44.72,6.64,6.05,12.38,69.79
29.27,4.72,4.39,8.38,46.76
24.88,7.5600000000000005,5.14,17.44,55.02
78.59,13.5,16.76,18.68,127.53
69.63,9.43,18.55,16.4,114.01
45.52,6.83,11.25,13.28,76.88
35.95,5.17,7.59,10.56,59.27
27.18,3.88,5.2,7.51,43.77
20.25,3.46,4.12,6.14,33.97
18.51,3.1,4.01,5.27,30.89
20.79,6.55,3.83,4.5600000000000005,35.73
29.72,5.92,10.54,12.14,58.32
23.14,4.0,5.33,5.37,37.84
15.97,3.39,3.7199999999999998,4.03,27.11
10.36,3.45,2.94,6.45,23.2
12.07,3.11,2.5300000000000002,4.47,22.18
12.35,2.92,2.45,4.01,21.73
10.91,2.41,2.21,2.94,18.47
9.27,2.12,2.0,2.51,15.9
8.58,1.87,2.62,2.14,15.21
7.22,1.67,1.9,1.8599999999999999,12.65
4.8100000000000005,1.65,1.6099999999999999,1.6400000000000001,9.71
4.85,1.49,1.48,1.48,9.3
4.33,2.07,1.83,2.26,10.49
11.55,1.9,2.34,2.59,18.38
9.08,1.69,2.07,2.14,14.98
6.88,1.53,1.71,1.97,12.09
6.35,1.72,1.48,1.74,11.29
5.86,1.43,1.35,1.57,10.21
5.08,1.26,1.15,1.33,8.82
4.74,1.16,1.04,1.23,8.17
4.41,1.1400000000000001,0.9400000000000001,1.18,7.67
4.22,1.13,0.96,1.11,7.42
3.95,1.08,0.9400000000000001,1.09,7.06
3.89,1.02,0.88,1.07,6.86
3.9,0.97,0.79,0.9500000000000001,6.61
3.61,0.97,0.77,0.91,6.26
3.51,0.97,0.78,0.88,6.14
3.43,1.08,0.86,0.92,6.29
3.9,1.05,0.89,0.87,6.71
3.81,1.05,0.96,0.84,6.66
3.91,1.33,1.3900000000000001,0.96,7.59
7.64,2.23,2.05,1.97,13.89
14.32,1.99,2.55,3.02,21.88
14.16,1.6800000000000002,2.09,2.8,20.73
10.82,1.5,1.76,1.9500000000000002,16.03
8.14,1.32,1.49,1.55,12.5
6.45,1.27,1.28,1.3,10.3
5.34,1.42,1.33,1.31,9.4
5.75,1.33,1.4,1.44,9.92
5.41,1.25,1.25,1.4,9.31
5.16,1.19,1.12,1.24,8.71
4.93,1.13,1.04,1.1400000000000001,8.24
4.69,1.08,0.97,1.04,7.78
1.48,1.6600000000000001,1.1400000000000001,3.69,7.97
19.34,3.68,2.39,9.52,34.93
33.94,2.7800000000000002,3.77,6.04,46.53
47.66,7.97,10.07,16.61,82.31
64.24,7.65,11.7,17.45,101.04
103.78,10.77,17.23,34.55,166.33
97.96,9.39,14.4,21.62,143.37
46.35,5.82,7.86,12.43,72.46
32.74,5.67,5.96,9.43,53.8
51.41,7.24,7.31,11.65,77.61
43.28,5.5,6.57,8.21,63.56
47.18,10.56,14.91,20.11,92.76
76.34,8.61,15.83,20.25,121.03
57.09,6.51,10.54,14.54,88.68
39.6,5.45,7.1,10.29,62.44
32.08,6.25,7.77,12.13,58.23
55.05,8.95,13.11,28.3,105.41
88.84,11.03,25.68,32.54,158.09
111.01,9.37,23.8,25.18,169.36
56.24,6.57,11.51,15.16,89.48
38.35,5.82,8.74,13.0,65.91
33.09,5.93,7.89,12.56,59.47
64.02,8.06,11.45,26.8,110.33
94.1,8.05,14.2,18.93,135.28
63.86,5.32,10.25,13.27,92.7
42.51,3.93,6.17,10.23,62.84
32.55,3.69,4.72,8.47,49.43
29.7,3.43,4.2,7.23,44.56
28.54,3.14,3.65,6.76,42.09
26.89,2.71,3.12,5.78,38.5
23.67,2.5,3.07,5.15,34.39
19.62,2.45,2.93,4.3,29.3
17.12,2.2800000000000002,2.87,3.79,26.06
18.84,2.11,2.01,3.42,26.38
18.54,2.31,2.68,3.47,27.0
20.71,2.07,2.35,2.76,27.89
5.98,2.07,2.31,2.09,12.45
7.61,2.29,3.23,2.29,15.42
10.83,2.05,2.54,2.24,17.66
3.24,1.9500000000000002,2.92,2.22,10.33
6.58,1.88,3.36,2.21,14.03
7.22,1.98,2.5700000000000003,2.41,14.18
6.57,2.18,2.37,2.63,13.75
6.2,2.48,2.55,3.8200000000000003,15.05
13.11,2.31,2.74,5.17,23.33
14.62,2.01,2.2800000000000002,4.24,23.15
10.83,1.92,2.38,3.69,18.82
9.14,1.9,2.32,3.4,16.76
8.59,1.87,2.26,3.04,15.76
10.07,1.82,2.47,3.19,17.55
9.69,1.9,1.9500000000000002,2.05,15.59
-0.96,2.26,3.74,1.67,6.71
-4.91,2.5700000000000003,6.39,1.3599999999999999,5.41
-5.65,3.02,7.53,1.67,6.57
0.67,2.58,9.63,2.95,15.83
7.27,1.75,8.98,3.52,21.52
8.19,1.6800000000000002,7.58,3.7199999999999998,21.17
8.53,1.65,6.33,2.75,19.26
4.12,2.6,6.19,2.19,15.1
-3.1,2.51,8.14,1.9100000000000001,9.46
-4.08,1.82,7.35,1.3599999999999999,6.45
-2.29,1.63,6.65,1.67,7.66
-0.51,1.81,4.49,1.67,7.46
0.9400000000000001,1.92,4.08,1.9100000000000001,8.85
2.65,1.99,2.76,2.02,9.42
2.49,2.06,2.65,1.9300000000000002,9.13
3.52,2.11,2.51,1.9100000000000001,10.05
4.58,1.98,2.31,1.8,10.67
3.27,1.81,2.12,1.56,8.76
3.55,1.72,1.83,1.42,8.52
3.81,1.6600000000000001,1.8,1.42,8.69
4.83,1.52,1.56,1.29,9.2
6.09,1.46,1.4,1.26,10.21
5.48,1.5,1.35,1.27,9.6
4.47,1.49,1.32,1.25,8.53
4.76,1.47,1.28,1.19,8.7
3.92,1.47,1.28,1.1400000000000001,7.8100000000000005
4.86,1.42,1.26,1.08,8.62
4.21,1.3599999999999999,1.25,0.97,7.79
3.94,1.33,1.1400000000000001,0.87,7.28
3.41,1.33,1.02,0.8,6.5600000000000005
3.16,1.3900000000000001,0.93,0.78,6.26
3.02,1.44,0.89,0.9400000000000001,6.29
3.09,1.44,0.92,0.85,6.3
3.1,1.4,0.9500000000000001,0.8200000000000001,6.27
2.51,1.43,0.9,0.77,5.61
2.0,1.57,0.76,0.72,5.05
1.72,2.07,0.6900000000000001,0.67,5.15
3.89,-99.0,0.7000000000000001,0.62,5.21
3.38,-99.0,0.91,0.59,4.88
3.21,-99.0,1.34,0.5700000000000001,5.12
3.3,-99.0,1.5,0.5700000000000001,5.37
3.2800000000000002,-99.0,1.5899999999999999,0.56,5.43
3.31,-99.0,1.25,0.54,5.1
3.32,-99.0,0.92,0.52,4.76
3.45,-99.0,0.8300000000000001,0.51,4.79
3.17,-99.0,1.21,0.48,4.86
2.66,-99.0,1.81,0.49,4.96
1.82,-99.0,2.93,0.78,5.53
2.17,-99.0,2.58,0.87,5.62
2.19,-99.0,2.58,0.88,5.65
1.87,-99.0,2.66,0.86,5.39
2.22,-99.0,2.61,0.84,5.67
2.56,-99.0,2.43,0.8300000000000001,5.82
2.94,-99.0,2.26,0.81,6.01
3.2,-99.0,2.2,0.79,6.19
3.15,-99.0,2.07,0.77,5.99
3.23,-99.0,1.9300000000000002,0.75,5.91
3.33,-99.0,1.79,0.74,5.86
3.09,-99.0,1.62,0.58,5.29
3.17,-99.0,1.5899999999999999,0.52,5.28
3.01,-99.0,1.54,0.49,5.04
2.93,-99.0,1.49,0.51,4.93
2.98,-99.0,1.43,0.54,4.95
3.33,-99.0,1.34,0.56,5.23
3.7800000000000002,-99.0,1.2,0.59,5.57
6.31,-99.0,1.32,0.62,8.25
5.51,-99.0,1.45,0.68,7.64
3.99,-99.0,2.84,0.74,7.57
3.22,-99.0,2.47,0.78,6.47
-1.02,-99.0,9.08,0.8200000000000001,8.88
-3.19,-99.0,16.81,0.96,14.58
0.37,-99.0,6.64,1.1400000000000001,8.15
-1.22,-99.0,9.32,1.37,9.47
-4.12,-99.0,14.62,1.52,12.02
1.6099999999999999,-99.0,5.33,1.43,8.37
2.7,-99.0,3.8200000000000003,1.46,7.98
3.44,-99.0,3.35,1.71,8.5
4.01,-99.0,3.3,1.81,9.12
4.66,-99.0,2.79,1.69,9.14
4.93,-99.0,2.67,1.57,9.17
5.09,-99.0,2.5300000000000002,1.58,9.2
4.52,-99.0,2.23,1.46,8.21
4.79,-99.0,2.06,1.2,8.05
5.47,-99.0,1.99,1.2,8.66
5.45,-99.0,2.86,1.45,9.76
7.15,-99.0,2.9,1.51,11.56
6.36,-99.0,2.67,1.47,10.5
6.85,-99.0,2.52,1.3900000000000001,10.76
6.84,-99.0,2.34,1.07,10.25
4.25,-99.0,2.39,1.01,7.65
4.92,-99.0,2.47,1.0,8.39
5.55,-99.0,2.24,0.9,8.69
5.8100000000000005,-99.0,1.9100000000000001,1.02,8.74
5.87,-99.0,1.75,0.88,8.5
5.75,-99.0,1.83,0.76,8.34
5.59,-99.0,1.75,0.74,8.08
5.52,-99.0,1.6600000000000001,0.88,8.06
5.91,-99.0,1.6,1.06,8.57
6.33,-99.0,1.77,1.31,9.41
6.27,-99.0,1.8599999999999999,1.32,9.45
7.31,-99.0,1.51,1.27,10.09
8.19,-99.0,1.35,1.24,10.78
7.38,-99.0,1.29,1.18,9.85
6.37,-99.0,1.28,1.12,8.77
8.22,-99.0,1.26,1.08,10.56
7.4,-99.0,1.25,1.05,9.7
5.22,-99.0,1.71,1.02,7.95
5.36,-99.0,1.6800000000000002,0.99,8.03
5.19,-99.0,1.47,0.96,7.62
5.11,-99.0,1.4,0.93,7.44
5.2,-99.0,1.31,0.89,7.4
5.16,-99.0,1.18,0.86,7.2
4.86,-99.0,1.16,0.8300000000000001,6.85
4.66,-99.0,1.22,0.8,6.68
4.42,-99.0,1.28,0.77,6.47
4.22,-99.0,1.37,0.74,6.33
4.23,-99.0,1.48,0.71,6.42
3.9,-99.0,1.6400000000000001,0.68,6.22
3.41,-99.0,1.8399999999999999,0.65,5.9
3.31,-99.0,2.03,0.62,5.96
3.09,-99.0,2.18,0.58,5.85
2.9,-99.0,2.25,0.55,5.7
2.93,-99.0,2.31,0.52,5.76
3.35,-99.0,1.94,0.54,5.83
3.52,-99.0,1.65,0.55,5.72
4.03,-99.0,1.49,0.56,6.08
4.24,-99.0,1.37,0.58,6.19
5.33,-99.0,1.47,0.61,7.41
5.97,-99.0,1.3,0.63,7.9
6.05,-99.0,1.13,0.68,7.86
6.32,-99.0,1.04,0.68,8.04
5.93,-99.0,1.02,0.68,7.63
5.79,-99.0,1.02,0.6900000000000001,7.5
6.01,-99.0,1.0,0.73,7.74
6.62,-99.0,2.02,0.8,9.44
11.17,-99.0,4.43,2.4,18.0
14.31,-99.0,9.5,4.51,28.32
22.4,-99.0,4.42,3.29,30.11
17.5,-99.0,2.7800000000000002,1.9,22.18
16.39,-99.0,2.92,1.53,20.84
16.57,-99.0,4.03,1.55,22.15
19.56,-99.0,4.83,1.92,26.31
22.71,-99.0,5.12,2.07,29.9
24.48,-99.0,5.61,2.33,32.42
28.32,-99.0,8.32,3.33,39.97
31.97,-99.0,8.79,3.85,44.61
33.34,-99.0,8.16,3.42,44.92
35.15,-99.0,8.31,3.34,46.8
28.09,-99.0,6.55,2.29,36.93
20.93,-99.0,5.49,1.9,28.32
17.65,-99.0,4.86,1.7000000000000002,24.21
14.75,-99.0,4.16,1.6099999999999999,20.52
14.97,-99.0,5.39,2.02,22.38
18.04,-99.0,4.93,1.97,24.94
14.5,-99.0,4.99,1.82,21.31
5.4,6.44,5.12,1.78,18.74
3.36,6.64,4.6,1.8599999999999999,16.46
3.03,6.33,4.22,1.6600000000000001,15.24
0.9,8.8,4.17,1.69,15.56
-1.01,10.5,3.86,1.58,14.93
-2.21,10.57,3.62,1.51,13.49
-0.58,8.82,3.44,1.55,13.23
-4.1,12.0,3.54,1.55,12.99
-5.42,15.33,5.02,2.23,17.16
12.02,14.07,10.6,4.5600000000000005,41.25
32.98,13.31,18.83,8.23,73.35
57.19,11.52,27.77,10.62,107.1
80.74,8.62,38.4,13.67,141.43
93.86,11.6,47.9,18.01,171.37
107.55,15.74,51.88,21.42,196.59
89.25,20.07,46.32,20.98,176.62
84.72,15.53,40.53,19.82,160.6
65.0,11.26,31.05,17.49,124.8
55.26,7.59,26.17,16.0,105.02
53.6,5.31,25.88,15.58,100.37
67.76,4.36,26.25,15.34,113.71
50.98,3.71,21.91,13.11,89.71
52.86,4.22,22.87,14.67,94.62
66.58,4.45,25.15,15.98,112.16
67.7,4.23,23.84,16.62,112.39
49.46,3.47,17.87,14.18,84.98
38.97,3.13,14.53,11.83,68.46
33.18,3.09,13.2,10.96,60.43
42.76,4.92,21.59,15.61,84.88
104.71,8.98,38.22,34.87,186.78
123.76,8.41,35.42,39.61,207.2
89.6,7.39,28.27,34.88,160.14
92.41,8.42,29.8,39.8,170.43
102.33,8.1,28.74,41.9,181.07
98.71,8.55,28.19,44.19,179.64
114.16,12.37,33.19,63.1,222.82
188.2,17.7,44.96,102.73,353.59
184.62,17.7,44.57,100.58,347.47
157.61,13.43,31.55,80.5,283.09
109.28,9.05,21.03,52.13,191.49
79.73,8.59,16.81,43.6,148.73
83.73,12.03,22.22,52.02,170.0
133.72,18.39,33.01,71.02,256.14
156.43,19.98,35.6,77.96,289.97
165.52,18.62,45.04,87.66,316.84
184.47,17.42,41.08,87.98,330.95
146.64,17.75,32.43,80.22,277.04
150.0,18.39,29.26,86.51,284.16
156.9,19.85,29.38,90.18,296.31
187.56,19.72,32.57,105.76,345.61
158.78,14.74,25.39,83.85,282.76
117.9,11.82,19.12,62.07,210.91
90.27,13.65,18.89,54.17,176.98
121.7,15.17,23.97,64.27,225.11
102.33,9.99,16.31,45.26,173.89
56.71,7.8100000000000005,11.12,31.89,107.53
53.74,10.23,11.48,34.58,110.03
82.44,15.0,16.23,49.38,163.05
112.85,14.62,17.19,56.9,201.56
108.55,16.62,27.26,65.72,218.15
157.08,13.17,28.08,63.83,262.16
91.36,10.79,18.23,44.01,164.39
77.7,9.96,15.46,38.37,141.49
71.08,8.97,15.24,37.7,132.99
67.92,7.48,13.45,30.84,119.69
46.49,7.04,10.86,22.98,87.37
56.0,9.18,16.93,29.76,111.87
96.17,9.33,18.21,38.73,162.44
82.23,7.91,19.25,28.32,137.71
53.93,6.02,12.14,20.18,92.27
39.45,5.07,9.01,15.74,69.27
32.81,4.78,7.5,13.24,58.33
30.11,5.48,6.96,13.15,55.7
22.46,7.85,9.47,30.47,70.25
85.16,9.08,17.04,47.74,159.02
92.21,9.57,19.63,44.26,165.67
95.15,8.37,21.92,33.65,159.09
53.95,7.14,12.57,26.79,100.45
43.21,6.85,10.87,23.86,84.79
40.19,6.66,12.04,20.73,79.62
51.62,7.06,12.95,19.6,91.23
38.96,5.8,9.27,16.06,70.09
31.26,4.94,7.6,13.38,57.18
27.8,4.36,6.29,10.92,49.37
24.6,4.01,5.69,9.49,43.79
21.11,3.88,5.04,8.88,38.91
19.71,3.79,4.77,8.34,36.61
17.89,4.1,8.3,8.58,38.87
27.79,4.75,15.68,8.33,56.55
24.64,3.71,7.5,7.1,42.95
19.08,3.1,5.76,5.75,33.69
15.4,2.71,4.65,4.74,27.5
11.7,3.02,4.3,5.18,24.2
26.91,4.53,8.86,8.65,48.95
39.12,3.7199999999999998,9.49,9.04,61.37
25.44,3.07,6.18,6.17,40.86
35.91,5.16,20.9,7.72,69.69
35.45,3.6,12.35,7.7,59.1
25.52,2.83,7.78,5.63,41.76
18.07,2.39,5.41,4.41,30.28
13.43,2.03,4.15,3.58,23.19
11.06,2.99,3.47,3.08,20.6
16.66,2.87,8.26,2.9,30.69
14.68,2.03,9.22,2.94,28.87
10.91,1.75,5.14,2.85,20.65
9.78,1.8599999999999999,4.28,2.44,18.36
8.6,1.6800000000000002,4.05,2.04,16.37
8.68,1.76,6.42,1.8,18.66
9.96,1.77,8.01,1.7000000000000002,21.44
8.47,1.35,4.49,1.51,15.82
6.03,1.26,3.44,1.43,12.16
5.36,1.16,2.86,1.38,10.76
4.85,1.11,2.62,1.3,9.88
4.12,1.1,3.51,1.24,9.97
4.51,0.9500000000000001,2.94,1.18,9.58
4.25,0.8300000000000001,2.14,1.1400000000000001,8.36
3.94,0.77,1.7000000000000002,1.11,7.52
3.71,0.9400000000000001,1.78,1.04,7.47
3.54,1.04,3.52,0.9500000000000001,9.05
4.34,0.99,3.54,0.93,9.8
3.65,1.88,5.72,0.92,12.17
8.05,1.57,5.0,0.9500000000000001,15.57
5.95,1.34,3.33,1.03,11.65
5.41,1.3900000000000001,3.2,1.04,11.04
5.35,1.24,2.88,1.03,10.5
4.51,1.02,2.37,1.03,8.93
3.56,1.42,2.52,0.97,8.47
9.93,3.17,15.27,8.22,36.59
18.7,2.23,7.42,4.47,32.82
175.9,30.1,149.73,66.4,422.13
263.11,30.08,125.99,43.87,463.05
164.1,21.36,75.66,46.8,307.92
159.67,18.46,54.16,38.32,270.61
79.85,9.44,28.0,22.83,140.12
43.07,7.13,18.84,16.44,85.48
36.85,7.01,21.23,15.04,80.13
87.8,7.52,28.89,21.46,145.67
53.47,7.18,23.52,15.38,99.55
119.71,13.57,36.08,34.39,203.75
163.68,17.12,76.92,56.48,314.2
98.96,12.78,38.42,30.02,180.18
173.63,19.86,62.62,56.12,312.23
173.42,18.75,54.23,45.18,291.58
135.1,21.23,50.97,42.84,250.14
126.59,19.33,48.11,39.8,233.83
116.41,15.65,42.14,30.91,205.11
95.19,13.1,34.03,29.0,171.32
83.15,11.07,28.77,27.32,150.31
59.66,8.3,22.35,20.19,110.5
43.19,7.01,18.73,17.83,86.76
41.82,7.91,18.63,20.71,89.07
53.47,6.61,17.7,19.65,97.43
31.77,5.19,15.33,13.69,65.98
24.06,4.32,14.21,10.65,53.24
20.2,4.02,13.07,9.65,46.94
18.84,3.71,12.29,9.38,44.22
15.63,3.32,11.3,7.68,37.93
11.9,2.99,10.49,6.45,31.83
9.5,2.77,9.93,5.7,27.9
8.75,2.74,9.58,5.55,26.62
7.7,2.49,9.3,4.93,24.42
6.45,2.39,8.88,4.39,22.11
6.79,2.91,8.83,5.88,24.41
14.56,2.69,9.27,6.45,32.97
12.94,2.76,9.21,7.74,32.65
16.51,3.5,9.7,7.41,37.12
23.53,3.17,11.17,6.94,44.81
13.77,3.81,10.29,11.25,39.12
24.22,3.2800000000000002,10.46,11.3,49.26
36.49,5.63,11.85,30.19,84.16
77.98,4.96,16.9,24.86,124.7
70.55,8.31,26.79,40.55,146.2
142.49,12.35,34.35,77.68,266.87
171.92,11.33,30.81,73.21,287.27
94.57,7.37,21.84,37.11,160.89
54.78,5.69,15.86,24.39,100.72
36.09,5.01,14.4,18.75,74.25
30.1,6.3,14.27,19.25,69.92
35.33,5.47,14.58,18.05,73.43
26.39,5.8100000000000005,13.88,20.1,66.18
34.68,5.18,13.63,19.13,72.62
25.75,4.48,12.97,14.63,57.83
24.37,4.29,12.89,13.25,54.8
22.49,3.73,12.54,10.77,49.53
18.5,3.39,12.26,9.22,43.37
16.9,3.61,12.21,8.88,41.6
17.93,3.47,11.66,8.79,41.85
28.71,4.49,13.86,12.48,59.54
74.0,6.09,20.31,21.59,121.99
60.87,4.41,16.98,15.85,98.11
37.66,3.5,14.17,11.19,66.52
33.23,-99.0,13.24,10.08,56.55
26.32,-99.0,12.36,9.4,48.08
24.13,-99.0,11.83,9.47,45.43
39.8,-99.0,-99.0,12.28,52.08
26.84,3.27,11.8,9.87,51.78
25.13,2.9699999999999998,11.48,8.79,48.37
20.81,2.67,10.16,7.26,40.9
13.66,2.9,9.52,5.5600000000000005,31.64
6.59,3.42,9.56,4.66,24.23
18.41,3.06,10.14,6.95,38.56
19.87,2.73,10.31,6.41,39.32
15.35,2.71,11.37,6.09,35.52
16.1,2.8200000000000003,11.68,6.09,36.69
83.75,4.34,34.93,12.47,135.49
67.07,3.55,21.76,13.73,106.11
39.75,2.98,14.29,10.25,67.27
27.59,2.71,12.71,8.18,51.19
22.3,2.5700000000000003,11.95,7.33,44.15
18.31,2.51,11.45,7.12,39.39
16.66,2.55,11.1,7.68,37.99
23.74,2.47,11.03,8.25,45.49
19.34,2.89,10.48,7.03,39.74
37.1,6.08,15.63,9.47,68.28
48.1,4.86,13.72,11.01,77.69
33.37,4.17,8.7,8.02,54.26
31.46,4.05,8.42,7.26,51.19
22.85,3.15,7.55,6.19,39.74
17.46,3.12,6.4,5.65,32.63
22.54,2.69,-99.0,4.88,30.11
5.7,3.18,5.9,3.88,18.66
2.19,4.01,6.33,3.52,16.05
4.26,3.76,7.06,4.11,19.19
3.64,3.66,7.23,3.18,17.71
5.15,3.2800000000000002,6.52,3.68,18.63
11.6,2.35,4.88,3.6,22.43
9.23,2.24,4.46,3.37,19.3
11.65,2.11,5.89,3.46,23.11
9.05,2.11,5.8,3.1,20.06
5.35,2.37,5.15,2.74,15.61
-0.33,3.2800000000000002,5.09,2.37,10.41
-1.48,3.79,6.16,2.92,11.39
-2.56,4.1,6.96,2.35,10.85
-0.5700000000000001,4.21,7.82,3.11,14.57
4.76,3.56,6.36,3.19,17.87
8.7,2.26,4.05,2.88,17.89
4.28,2.58,3.85,2.45,13.16
5.11,1.94,3.89,2.89,13.83
8.15,1.6400000000000001,3.58,2.8200000000000003,16.19
6.34,1.71,3.37,2.55,13.97
-0.93,2.65,3.73,2.33,7.78
4.89,2.3,5.28,3.02,15.49
13.3,2.29,5.8,3.09,24.48
7.64,3.13,4.26,2.04,17.07
9.22,3.4,4.68,3.19,20.49
31.1,3.27,11.93,6.78,53.08
27.47,2.45,8.93,5.46,44.31
18.89,2.0,7.66,4.66,33.21
19.85,1.9300000000000002,7.75,4.44,33.97
16.38,2.16,7.2,3.99,29.73
9.66,3.03,7.19,3.73,23.61
10.69,3.64,7.15,3.59,25.07
8.23,4.7,7.21,2.9699999999999998,23.11
5.66,5.69,7.44,3.0,21.79
10.03,5.76,10.02,6.69,32.5
96.79,10.35,21.18,18.9,147.22
85.77,9.75,17.49,20.34,133.35
53.97,6.93,12.7,16.21,89.81
39.67,5.26,10.67,11.28,66.88
28.86,4.77,9.55,10.03,53.21
26.86,4.58,9.08,8.8,49.32
26.26,4.28,8.76,7.59,46.89
24.84,4.03,8.03,6.41,43.31
21.41,3.44,7.48,5.24,37.57
20.39,3.03,7.12,4.09,34.63
19.29,2.7199999999999998,6.65,3.52,32.18
14.63,2.56,-99.0,2.95,20.14
13.26,2.38,-99.0,2.37,18.01
12.23,2.17,-99.0,2.26,16.66
10.68,2.59,-99.0,2.46,15.73
10.37,2.08,-99.0,2.66,15.11
11.18,1.9100000000000001,-99.0,2.86,15.95
11.83,1.8900000000000001,-99.0,3.06,16.78
12.58,1.78,-99.0,3.26,17.62
12.59,1.9500000000000002,-99.0,3.92,18.46
15.34,1.82,-99.0,4.57,21.73
13.35,1.6600000000000001,-99.0,4.14,19.15
12.56,1.7000000000000002,-99.0,3.7,17.96
11.4,1.6099999999999999,-99.0,3.26,16.27
10.77,1.5899999999999999,-99.0,3.13,15.49
10.13,1.58,-99.0,3.0,14.71
9.52,1.54,-99.0,2.87,13.93
8.92,1.49,-99.0,2.74,13.15
8.3,1.46,-99.0,2.61,12.37
8.04,1.48,-99.0,2.54,12.06
7.67,1.6099999999999999,-99.0,2.47,11.75
7.42,1.6099999999999999,-99.0,2.4,11.43
7.22,1.57,-99.0,2.33,11.12
7.11,1.49,-99.0,2.21,10.81
6.91,1.5,-99.0,2.09,10.5
6.29,1.6,-99.0,1.96,9.85
6.09,1.54,-99.0,1.8399999999999999,9.47
6.54,1.48,-99.0,1.79,9.81
6.6,1.4,-99.0,1.7000000000000002,9.7
7.11,1.3900000000000001,-99.0,1.09,9.59
7.05,1.3900000000000001,-99.0,1.04,9.48
7.03,1.38,-99.0,0.96,9.37
7.04,1.33,-99.0,0.89,9.26
7.68,1.3,-99.0,0.9400000000000001,9.92
8.27,1.27,-99.0,1.04,10.58
8.98,1.26,-99.0,0.97,11.21
9.4,1.25,-99.0,1.19,11.84
10.03,1.25,-99.0,1.2,12.48
10.15,1.32,-99.0,1.65,13.12
13.02,1.62,-99.0,2.27,16.91
13.0,1.4,-99.0,2.21,16.61
9.33,1.33,-99.0,1.21,11.87
4.08,1.28,5.26,1.19,11.81
5.12,1.28,4.07,1.16,11.63
5.34,1.35,3.65,1.12,11.46
5.29,1.37,3.25,1.01,10.92
8.01,1.6800000000000002,3.74,1.9500000000000002,15.38
27.17,2.5700000000000003,11.71,11.13,52.58
31.41,2.14,31.94,17.59,83.08
18.03,4.15,29.23,13.8,65.21
38.24,9.46,35.95,22.46,106.11
17.38,6.43,24.41,12.95,61.17
19.36,3.8200000000000003,15.51,9.8,48.49
17.37,2.73,12.63,8.32,41.05
16.93,2.44,10.02,5.64,35.03
14.6,2.19,8.31,5.24,30.34
14.21,1.98,6.25,4.72,27.16
10.31,1.83,5.52,4.13,21.79
9.96,2.08,5.25,3.74,21.03
10.11,1.76,4.85,3.56,20.28
10.04,1.69,4.51,3.2800000000000002,19.52
9.85,1.6,4.38,2.93,18.76
8.28,1.56,5.85,2.32,18.01
0.07,1.54,13.0,2.79,17.4
15.84,1.55,12.78,3.26,33.43
28.06,1.57,7.07,3.15,39.85
29.25,1.53,5.37,3.04,39.19
23.73,1.49,7.88,2.93,36.03
17.98,1.49,10.48,2.8200000000000003,32.77
20.27,1.46,7.46,2.71,31.9
26.48,1.3900000000000001,3.6,2.6,34.07
26.42,1.34,3.31,2.54,33.61
26.6,1.37,3.19,2.45,33.61
25.82,1.29,3.31,2.39,32.81
24.1,1.26,3.74,2.2,31.3
22.42,1.26,3.74,2.04,29.46
20.22,1.26,3.86,1.9500000000000002,27.29
18.61,1.26,3.36,1.8900000000000001,25.12
16.29,1.26,3.58,1.81,22.94
33.35,1.26,3.96,1.92,40.49
46.62,2.59,5.38,3.61,58.2
124.64,6.24,9.31,7.77,147.96
110.14,2.85,9.42,5.96,128.37
54.05,2.11,8.95,4.84,69.95
35.73,1.74,7.58,3.9699999999999998,49.02
32.54,1.56,6.64,3.34,44.08
28.67,1.42,6.07,2.98,39.14
24.45,1.35,5.65,2.76,34.21
24.4,1.32,5.46,2.5300000000000002,33.71
21.15,1.46,5.16,2.31,30.08
16.25,1.35,5.33,2.65,25.58
19.91,1.29,5.14,2.34,28.68
18.99,1.26,5.08,2.33,27.66
19.56,1.26,6.05,2.58,29.45
41.67,1.44,8.89,4.63,56.63
55.23,1.6099999999999999,10.4,5.8100000000000005,73.05
56.2,1.79,11.62,6.77,76.38
45.57,1.63,10.21,4.45,61.86
35.95,1.54,8.82,3.95,50.26
35.75,1.82,11.03,5.46,54.06
52.45,2.0,14.26,6.55,75.26
52.81,2.01,13.7,5.77,74.29
44.49,1.8900000000000001,12.14,4.99,63.51
39.04,1.96,11.85,4.88,57.73
38.67,1.8599999999999999,11.33,4.26,56.12
37.29,1.76,10.56,3.95,53.56
35.07,1.6800000000000002,9.36,3.75,49.86
31.54,1.74,8.64,3.73,45.65
47.22,2.71,11.0,6.68,67.61
78.18,4.42,18.81,11.87,113.28
109.31,8.66,29.64,17.48,165.09
117.06,8.11,34.86,22.1,182.13
157.66,12.27,54.48,33.74,258.15
205.34,14.32,87.89,48.96,356.51
201.88,14.96,91.22,55.96,364.02
183.05,17.38,78.24,66.74,345.41
188.01,18.81,77.86,78.94,363.62
181.85,18.22,71.12,81.27,352.46
170.07,16.25,59.13,76.36,321.81
175.84,18.49,73.37,79.06,346.76
184.1,20.75,77.4,88.3,370.55
174.65,21.77,67.54,88.96,352.92
169.07,21.28,61.02,88.49,339.86
167.06,18.63,53.03,85.61,324.33
152.59,16.09,42.59,80.57,291.84
138.67,15.69,37.85,76.73,268.94
132.29,17.82,37.68,78.02,265.81
130.9,19.56,39.37,94.64,284.47
153.28,23.35,42.0,103.32,321.95
180.31,37.05,54.98,127.04,399.38
299.4,66.38,85.52,162.89,614.19
407.18,38.35,71.68,168.69,685.9
317.45,31.52,47.27,138.92,535.16
202.36,25.74,34.34,115.25,377.69
182.72,19.36,30.24,98.69,331.01
147.72,12.85,18.55,62.52,241.64
113.57,8.94,12.1,38.03,172.64
89.05,7.67,9.81,27.48,134.01
95.06,8.89,14.13,29.22,147.3
132.52,10.01,18.17,32.53,193.23
124.72,9.78,23.65,28.72,186.87
154.45,19.09,34.03,49.05,256.62
182.06,17.59,35.09,54.43,289.17
148.26,14.41,31.94,47.06,241.67
133.38,10.34,24.1,37.13,204.95
126.09,8.87,22.56,31.84,189.36
127.69,8.1,23.36,28.97,188.12
118.97,7.32,23.67,26.49,176.45
108.93,8.27,24.79,31.7,173.69
115.27,9.08,24.89,37.01,186.25
106.66,9.62,22.61,35.5,174.39
101.81,9.92,20.07,33.65,165.45
123.33,14.2,20.1,36.48,194.11
126.09,11.82,20.81,31.92,190.64
100.76,10.31,17.78,24.8,153.65
99.13,10.61,15.89,24.77,150.4
102.18,12.03,14.97,26.48,155.66
109.36,13.16,15.05,27.92,165.49
122.43,13.72,15.42,32.18,183.75
116.05,15.41,15.36,34.86,181.68
125.3,13.18,15.23,34.19,187.9
114.8,11.78,14.43,32.34,173.35
100.16,10.05,13.5,26.4,150.11
93.76,9.32,12.95,24.72,140.75
88.79,9.2,12.38,22.03,132.4
78.14,12.39,12.38,26.92,129.83
111.97,10.7,14.28,29.08,166.03
85.72,8.64,12.35,20.77,127.48
80.01,8.63,11.14,19.89,119.67
84.58,12.16,11.55,35.77,144.06
116.57,14.69,19.04,43.83,194.13
173.29,19.1,41.1,54.11,287.6
161.31,16.76,38.89,43.29,260.25
108.89,12.41,20.13,28.08,169.51
76.23,11.96,13.96,22.73,124.88
50.32,11.96,13.72,22.02,98.02
56.84,14.48,13.86,31.08,116.26
105.26,11.33,15.2,35.47,167.26
81.56,9.51,13.67,24.94,129.68
5.68,9.64,12.89,22.68,50.89
-9.69,10.73,12.99,25.87,39.9
72.33,14.64,27.13,48.72,162.82
68.09,12.28,21.31,30.93,132.61
24.35,11.4,14.27,25.61,75.63
56.19,12.19,12.37,62.57,143.32
99.87,9.58,13.28,42.01,164.74
24.69,7.73,11.84,26.28,70.54
14.73,7.77,11.62,23.18,57.3
30.48,11.19,16.0,28.95,86.62
75.43,11.97,31.54,31.56,150.5
37.92,14.33,19.66,34.3,106.21
161.16,17.55,31.78,42.3,252.79
75.28,11.1,19.86,33.43,139.67
53.95,8.27,13.79,23.95,99.96
26.15,7.14,11.74,17.77,62.8
18.96,6.29,11.3,14.21,50.76
17.31,5.72,11.06,12.43,46.52
15.49,5.12,10.51,11.04,42.16
15.88,5.14,10.59,10.03,41.64
18.31,5.23,11.1,9.71,44.35
21.21,5.95,14.05,10.51,51.72
21.2,5.72,14.33,11.98,53.23
18.88,4.5600000000000005,12.05,9.88,45.37
14.99,4.54,10.66,8.74,38.93
15.79,4.46,10.9,10.46,41.61
20.4,4.18,10.74,11.43,46.75
23.3,3.67,10.19,9.72,46.88
20.5,3.38,9.47,7.92,41.27
17.01,3.37,8.42,7.01,35.81
12.92,4.58,9.07,8.13,34.7
26.83,5.93,10.4,16.11,59.27
29.64,4.2,11.17,12.3,57.31
28.14,3.76,12.86,10.83,55.59
20.29,3.19,10.79,8.03,42.3
14.08,2.87,9.48,6.46,32.89
10.73,2.63,8.66,5.37,27.39
8.0,2.38,7.97,4.52,22.87
5.97,2.21,7.44,3.95,19.57
5.02,2.04,6.95,3.52,17.53
3.61,1.94,6.46,3.07,15.08
3.32,1.8900000000000001,5.78,2.75,13.74
2.04,1.96,5.35,4.09,13.44
4.84,1.73,4.98,3.83,15.38
5.15,1.9300000000000002,5.64,3.06,15.78
9.98,2.86,10.87,4.65,28.36
8.76,1.98,8.46,3.64,22.84
4.83,1.6800000000000002,7.1,2.85,16.46
53.15,1.51,6.23,2.35,63.24
40.37,1.43,5.59,1.88,49.27
0.99,1.35,5.14,1.71,9.19
1.27,1.28,4.74,1.42,8.71
1.43,1.28,4.28,1.33,8.32
1.53,1.38,3.94,1.29,8.14
5.49,1.78,-99.0,1.72,8.99
6.62,1.5899999999999999,-99.0,2.01,10.22
3.13,1.94,-99.0,5.03,10.1
2.7199999999999998,2.6,5.38,13.43,24.13
14.67,1.99,2.47,7.0,26.13
10.15,3.31,2.54,6.93,22.93
77.07,4.19,4.48,11.07,96.81
92.04,3.02,3.9,9.17,108.13
45.47,2.43,2.87,6.36,57.13
15.65,2.15,2.39,5.0,25.19
9.02,1.92,2.01,4.04,16.99
6.5,2.25,1.79,3.73,14.27
11.33,3.52,4.0,5.96,24.81
114.61,2.41,3.61,4.94,125.57
8.71,3.2800000000000002,3.17,6.93,22.09
28.57,3.96,8.38,13.12,54.03
24.67,2.77,4.36,9.04,40.84
17.21,2.37,3.44,6.66,29.68
12.53,2.14,3.02,5.41,23.1
10.18,2.07,2.68,4.55,19.48
10.15,2.54,2.61,4.43,19.73
77.97,12.3,47.32,36.19,173.78
148.17,15.55,40.47,37.25,241.44
72.93,8.13,18.24,21.6,120.9
39.85,5.69,10.66,13.82,70.02
29.99,4.57,8.47,10.8,53.83
26.77,5.45,8.6,11.37,52.19
87.25,8.35,18.34,23.36,137.3
111.49,8.82,21.04,57.25,198.6
101.91,9.8,29.84,29.96,171.51
97.16,9.43,30.39,28.05,165.03
74.73,11.57,21.97,46.25,154.52
106.33,10.05,21.16,45.57,183.11
55.65,7.07,14.18,24.75,101.65
35.84,5.82,11.42,17.43,70.51
23.56,8.62,12.79,21.9,66.87
397.79,34.66,113.45,132.57,678.47
282.14,24.49,52.43,90.94,450.0
404.41,47.68,100.66,127.21,679.96
415.41,27.39,72.55,116.22,631.57
165.17,15.08,33.61,61.03,274.89
141.12,14.69,44.26,73.85,273.92
202.96,12.93,35.69,90.32,341.9
187.47,18.16,37.21,65.59,308.43
122.97,11.11,24.53,39.92,198.53
77.05,8.34,17.16,27.53,130.08
53.96,6.9,14.3,21.21,96.37
39.14,6.14,12.9,17.12,75.3
32.13,5.69,12.06,15.33,65.21
29.04,5.02,11.49,14.76,60.31
25.79,4.37,10.45,12.93,53.54
34.68,4.23,-99.0,11.14,50.05
39.98,5.68,-99.0,11.13,56.79
42.0,5.14,-99.0,11.98,59.12
62.25,5.37,-99.0,13.41,81.03
43.91,4.14,-99.0,10.71,58.76
37.78,3.84,-99.0,9.69,51.31
29.99,3.11,-99.0,7.87,40.97
26.2,3.08,-99.0,6.92,36.2
27.12,3.17,-99.0,7.03,37.32
25.09,3.12,-99.0,6.92,35.13
25.14,3.46,-99.0,7.2,35.8
27.3,3.49,-99.0,7.35,38.14
25.57,3.17,-99.0,6.71,35.45
23.62,3.08,-99.0,6.49,33.19
23.21,2.96,-99.0,6.22,32.39
28.62,2.83,-99.0,6.49,37.94
23.31,2.34,-99.0,5.65,31.3
18.07,2.44,-99.0,5.08,25.59
18.5,2.31,-99.0,4.59,25.4
18.04,2.46,-99.0,5.17,25.67
17.35,2.15,-99.0,4.51,24.01
16.12,2.1,-99.0,3.95,22.17
14.38,1.9500000000000002,-99.0,3.62,19.95
13.52,1.99,-99.0,3.59,19.1
13.42,2.02,-99.0,3.36,18.8
16.07,2.02,-99.0,3.55,21.64
17.29,2.02,-99.0,3.61,22.92
15.03,1.99,-99.0,2.79,19.81
15.0,2.19,-99.0,3.66,20.85
42.74,2.68,-99.0,7.75,53.17
88.57,2.99,-99.0,11.41,102.97
80.27,3.32,-99.0,12.65,96.24
82.06,5.11,-99.0,12.68,99.85
61.8,3.95,-99.0,11.7,77.45
45.58,3.38,-99.0,10.06,59.02
37.99,3.1,-99.0,8.72,49.81
73.76,4.5,-99.0,12.65,90.91
63.51,3.58,-99.0,10.11,77.2
50.12,4.7,-99.0,9.91,64.73
114.67,4.44,-99.0,11.76,130.87
74.24,3.58,-99.0,8.67,86.49
53.72,3.65,-99.0,8.21,65.58
44.83,3.66,-99.0,7.96,56.45
40.99,3.64,-99.0,7.71,52.34
38.79,3.41,-99.0,7.45,49.65
34.2,4.09,-99.0,7.2,45.49
26.96,4.73,-99.0,6.95,38.64
27.65,5.26,-99.0,6.95,39.86
28.35,4.96,-99.0,6.95,40.26
51.91,7.6,-99.0,8.49,68.0
51.09,6.2,-99.0,7.34,64.63
36.88,5.87,-99.0,7.58,50.33
33.1,5.5,-99.0,7.36,45.96
26.38,5.26,-99.0,7.09,38.73
28.7,4.22,-99.0,7.26,40.18
29.57,3.5,-99.0,6.09,39.16
20.97,3.9,-99.0,4.98,29.85
18.3,4.11,-99.0,5.39,27.8
24.04,3.52,-99.0,5.65,33.21
29.65,4.73,-99.0,6.38,40.76
55.44,4.8,-99.0,8.44,68.68
49.14,3.17,-99.0,6.99,59.3
55.33,2.93,-99.0,6.5,64.76
47.24,3.0,-99.0,5.47,55.71
48.86,4.92,-99.0,5.38,59.16
49.38,3.65,-99.0,5.36,58.39
53.96,3.27,-99.0,5.97,63.2
97.15,5.02,-99.0,10.91,113.08
90.74,3.8,-99.0,10.96,105.5
75.55,3.32,-99.0,10.34,89.21
58.46,2.96,-99.0,8.71,70.13
47.69,2.71,-99.0,7.92,58.32
42.26,2.52,-99.0,6.61,51.39
37.6,2.52,-99.0,5.93,46.05
33.36,2.5,-99.0,5.79,41.65
24.36,2.94,-99.0,5.32,32.62
25.12,3.83,-99.0,6.66,35.61
28.14,4.24,-99.0,5.14,37.52
22.55,4.29,-99.0,4.73,31.57
16.83,4.4,-99.0,4.0,25.23
13.48,4.97,-99.0,3.26,21.71
15.44,4.01,-99.0,3.92,23.37
24.19,2.88,-99.0,3.92,30.99
21.96,2.21,-99.0,3.92,28.09
24.14,2.06,-99.0,3.92,30.12
26.4,1.9500000000000002,-99.0,4.89,33.24
23.62,1.92,-99.0,4.32,29.86
22.98,1.92,-99.0,4.51,29.41
21.8,1.96,-99.0,4.0,27.76
20.35,2.08,-99.0,4.14,26.57
19.49,2.04,-99.0,4.43,25.96
18.96,1.96,-99.0,4.8,25.72
21.29,1.94,-99.0,4.97,28.2
22.18,1.9100000000000001,-99.0,4.62,28.71
21.09,1.92,-99.0,4.3,27.31
19.84,1.92,-99.0,4.1,25.86
20.32,1.8399999999999999,-99.0,4.21,26.37
19.25,1.82,-99.0,4.1,25.17
21.86,1.79,-99.0,4.31,27.96
25.56,1.82,-99.0,3.93,31.31
22.31,1.82,-99.0,3.88,28.01
21.54,1.88,-99.0,4.13,27.55
24.54,1.82,-99.0,4.27,30.63
29.17,1.75,-99.0,4.48,35.4
25.84,1.71,-99.0,4.33,31.88
21.63,1.78,-99.0,3.96,27.37
22.44,1.72,-99.0,3.89,28.05
20.58,1.6800000000000002,-99.0,3.73,25.99
19.52,1.7000000000000002,-99.0,3.15,24.37
18.61,1.73,-99.0,3.26,23.6
16.76,1.7000000000000002,-99.0,3.44,21.9
17.45,1.6800000000000002,-99.0,3.67,22.8
18.89,1.71,-99.0,3.7,24.3
22.28,1.72,-99.0,4.15,28.15
26.54,1.73,-99.0,4.53,32.8
34.68,1.73,-99.0,4.91,41.32
46.37,1.9500000000000002,-99.0,4.71,53.03
41.04,2.2800000000000002,-99.0,3.77,47.09
43.05,2.45,-99.0,5.55,51.05
53.53,2.66,-99.0,6.18,62.37
46.36,2.27,-99.0,5.17,53.8
40.16,2.0,-99.0,4.84,47.0
34.72,1.8599999999999999,-99.0,4.78,41.36
28.03,1.8,-99.0,4.71,34.54
24.1,1.78,-99.0,4.65,30.53
23.13,1.79,-99.0,4.67,29.59
25.94,1.78,-99.0,4.74,32.46
24.77,1.75,-99.0,4.39,30.91
23.98,1.74,-99.0,4.14,29.86
21.13,1.69,-99.0,3.96,26.78
18.77,1.62,-99.0,3.88,24.27
13.43,1.5899999999999999,-99.0,3.8200000000000003,18.84
14.42,1.5899999999999999,-99.0,3.7199999999999998,19.73
19.14,1.62,-99.0,3.66,24.42
21.12,1.6099999999999999,-99.0,3.69,26.42
20.08,1.58,-99.0,3.34,25.0
18.63,1.57,-99.0,3.25,23.45
16.22,1.55,-99.0,3.12,20.89
11.47,1.53,-99.0,3.03,16.03
9.97,1.5,-99.0,2.95,14.42
9.62,1.5,-99.0,2.86,13.98
13.84,1.48,-99.0,2.77,18.09
15.09,1.45,-99.0,2.69,19.23
12.23,1.44,-99.0,2.6,16.27
14.38,1.5,-99.0,2.5300000000000002,18.41
12.02,1.51,-99.0,2.25,15.78
9.49,1.5,-99.0,2.45,13.44
12.07,1.47,-99.0,2.36,15.9
14.62,1.47,-99.0,2.14,18.23
14.08,1.4100000000000001,-99.0,1.99,17.48
13.88,1.38,-99.0,2.0,17.26
14.31,1.37,-99.0,2.45,18.13
14.11,1.37,-99.0,2.29,17.77
13.06,1.3599999999999999,-99.0,2.1,16.52
12.61,1.3599999999999999,-99.0,2.1,16.07
12.22,1.38,-99.0,2.16,15.76
11.36,1.4100000000000001,-99.0,1.98,14.75
10.13,1.4100000000000001,-99.0,1.76,13.3
10.96,1.4100000000000001,-99.0,1.54,13.91
11.24,1.38,-99.0,1.43,14.05
10.87,1.38,-99.0,1.4100000000000001,13.66
10.72,1.3599999999999999,-99.0,1.47,13.55
10.26,1.32,-99.0,1.7000000000000002,13.28
10.45,1.3,-99.0,1.55,13.3
10.35,1.3,-99.0,1.35,13.0
9.48,1.29,-99.0,1.77,12.54
10.13,1.4,-99.0,1.96,13.49
12.33,1.67,-99.0,2.45,16.45
17.55,1.75,-99.0,2.63,21.93
26.51,2.09,-99.0,3.86,32.46
33.81,2.09,-99.0,5.02,40.92
35.53,1.87,-99.0,4.5,41.9
33.74,1.74,-99.0,4.06,39.54
32.68,1.62,-99.0,3.73,38.03
32.1,1.6,-99.0,3.71,37.41
30.76,1.5899999999999999,-99.0,3.59,35.94
29.41,1.5899999999999999,-99.0,3.52,34.52
29.74,1.63,-99.0,3.75,35.12
38.42,2.66,-99.0,5.64,46.72
65.74,4.6,-99.0,9.69,80.03
94.08,5.26,-99.0,11.79,111.13
87.11,3.64,-99.0,10.37,101.12
69.73,3.01,-99.0,8.92,81.66
72.95,2.63,-99.0,9.32,84.9
59.94,2.25,-99.0,7.59,69.78
48.06,2.17,-99.0,6.54,56.77
62.95,2.18,-99.0,9.21,74.34
98.63,3.05,-99.0,12.92,114.6
109.81,3.42,-99.0,13.28,126.51
82.23,2.93,-99.0,10.68,95.84
69.97,2.66,-99.0,9.66,82.29
63.82,2.62,-99.0,9.14,75.58
69.8,3.1,-99.0,9.88,82.78
92.71,3.65,-99.0,11.34,107.7
83.41,3.38,-99.0,10.18,96.97
72.32,3.23,-99.0,9.32,84.87
65.6,2.91,-99.0,8.59,77.1
59.97,2.56,-99.0,7.82,70.35
52.89,2.39,-99.0,7.02,62.3
55.39,2.58,-99.0,7.41,65.38
60.77,2.87,-99.0,8.1,71.74
69.8,3.47,-99.0,9.71,82.98
98.18,4.84,-99.0,13.93,116.95
134.48,6.06,-99.0,18.42,158.96
142.07,6.62,-99.0,21.1,169.79
190.35,9.42,-99.0,32.85,232.62
221.08,10.11,-99.0,37.64,268.83
234.75,12.81,-99.0,43.29,290.85
314.56,16.43,-99.0,56.16,387.15
297.69,15.33,-99.0,59.11,372.13
197.19,10.7,-99.0,45.39,253.28
141.3,8.54,-99.0,39.42,189.26
128.1,8.18,-99.0,37.18,173.46
123.62,8.01,-99.0,37.77,169.4
127.62,8.25,-99.0,39.36,175.23
132.93,8.62,-99.0,42.79,184.34
139.05,8.94,-99.0,44.38,192.37
137.79,9.03,-99.0,44.37,191.19
136.23,8.51,-99.0,42.96,187.7
119.31,7.92,-99.0,39.71,166.94
126.1,7.8,-99.0,39.65,173.55
110.85,7.06,-99.0,36.88,154.79
90.45,6.17,-99.0,31.67,128.29
85.24,5.78,-99.0,29.02,120.04
86.81,5.8100000000000005,-99.0,28.96,121.58
93.11,7.01,-99.0,30.74,130.86
149.08,16.93,65.78,64.57,296.36
218.79,23.2,82.34,101.77,426.1
285.51,26.77,87.85,128.96,529.09
358.15,28.58,74.17,140.68,601.58
276.89,25.42,59.9,131.39,493.6
224.67,28.12,62.6,129.84,445.23
305.9,29.4,69.9,139.08,544.28
197.6,20.43,43.58,109.77,371.38
162.51,20.31,41.36,97.08,321.26
176.86,18.74,42.48,93.8,331.88
133.09,14.36,31.12,72.35,250.92
112.67,12.41,27.13,57.22,209.43
101.04,12.39,25.61,52.46,191.5
102.43,14.91,28.5,59.18,205.02
150.14,23.08,39.24,87.51,299.97
217.51,26.92,48.08,113.7,406.21
164.84,17.73,32.78,87.75,303.1
114.83,12.97,23.97,59.58,211.35
93.18,11.68,20.73,49.8,175.39
100.64,20.75,32.0,75.92,229.31
193.49,24.46,39.97,106.26,364.18
142.07,17.55,25.84,82.53,267.99
129.26,23.2,31.36,99.65,283.47
235.39,29.92,46.5,129.0,440.81
220.44,29.65,43.69,117.48,411.26
264.09,32.67,53.92,129.62,480.3
272.47,39.64,53.74,130.2,496.05
300.34,34.76,60.58,132.63,528.31
249.18,25.88,40.48,113.14,428.68
142.21,20.5,26.3,81.87,270.88
159.15,28.94,35.67,97.65,321.41
196.84,29.97,40.59,103.67,371.07
283.21,32.12,79.39,96.78,491.5
170.92,25.56,37.35,76.04,309.87
163.6,23.43,33.78,74.03,294.84
127.61,16.63,23.79,57.05,225.08
121.51,15.26,21.21,51.48,209.46
98.23,15.57,19.49,44.63,177.92
169.84,22.46,31.74,72.94,296.98
156.77,16.98,27.69,51.85,253.29
91.04,14.21,17.58,38.45,161.28
91.7,15.83,18.3,39.47,165.3
79.55,14.15,17.53,47.52,158.75
105.09,14.79,18.75,47.86,186.49
97.57,16.32,21.08,43.29,178.26
97.41,15.18,19.58,40.17,172.34
80.46,11.65,14.75,31.95,138.81
59.14,9.25,12.62,24.76,105.77
47.07,7.98,17.51,21.09,93.65
47.27,7.45,15.26,19.8,89.78
37.71,7.04,9.86,17.75,72.36
32.53,6.4,8.2,15.75,62.88
28.8,5.95,7.5,13.75,56.0
28.9,6.16,8.44,14.72,58.22
29.95,4.37,6.37,11.75,52.44
22.87,3.93,5.21,9.16,41.17
22.67,4.15,7.0,8.84,42.66
22.63,4.06,6.01,9.66,42.36
22.15,3.84,5.04,8.63,39.66
19.84,4.12,5.17,8.09,37.22
15.2,6.74,5.28,10.94,38.16
78.78,14.04,19.7,46.62,159.14
76.42,10.53,17.51,35.27,139.73
60.22,9.05,12.33,24.96,106.56
40.77,7.7,10.78,17.59,76.84
33.05,6.12,10.33,13.41,62.91
23.69,6.99,10.47,12.98,54.13
31.14,8.1,12.27,15.53,67.04
33.41,6.52,10.69,12.9,63.52
28.2,4.98,7.38,9.97,50.53
23.08,4.15,5.83,8.04,41.1
18.63,3.75,4.96,6.73,34.07
12.05,4.01,4.8,12.64,33.5
20.54,3.38,4.29,9.05,37.26
15.51,3.33,3.7,7.03,29.57
17.08,6.0,9.55,9.84,42.47
39.91,5.99,11.51,15.99,73.4
7.91,9.99,18.65,28.15,64.7
156.92,23.6,64.61,74.41,319.54
230.11,22.95,88.35,54.25,395.66
81.6,10.79,23.32,30.09,145.8
60.04,15.61,20.17,32.86,128.68
199.3,27.55,51.75,56.86,335.46
120.84,15.24,25.92,37.13,199.13
79.08,10.24,16.63,28.08,134.03
52.96,7.97,12.45,19.6,92.98
36.12,6.94,9.43,15.07,67.56
31.44,6.75,8.91,14.21,61.31
51.13,6.7,10.6,19.48,87.91
42.35,6.13,9.24,15.0,72.72
32.61,4.78,7.33,11.62,56.34
26.56,4.59,6.52,9.4,47.07
29.99,4.25,7.82,8.9,50.96
23.21,3.9,5.53,7.34,39.98
79.63,16.9,15.21,54.66,166.4
178.95,11.37,22.89,54.74,267.95
59.86,7.13,9.83,24.03,100.85
39.08,7.34,13.14,26.09,85.65
39.18,5.7,9.8,18.22,72.9
29.12,4.43,6.89,13.23,53.67
23.89,4.33,6.05,14.72,48.99
